No.,Time,Source,Destination,Protocol,Length,Info,bad_packet
25,3.963597,VMware_8a:5c:e6,VMware_8a:45:3d,ARP,60,Who has 192.167.5.113? Tell 192.167.0.1,0
26,3.963617,VMware_8a:45:3d,VMware_8a:5c:e6,ARP,42,192.167.5.113 is at 00:50:56:8a:45:3d,0
67,12.775193,VMware_8a:d4:cf,VMware_8a:45:3d,ARP,60,Who has 192.167.5.113? Tell 192.167.5.114,1
68,12.775215,VMware_8a:45:3d,VMware_8a:d4:cf,ARP,42,192.167.5.113 is at 00:50:56:8a:45:3d,0
75,13.821451,VMware_8a:b9:83,Broadcast,ARP,60,Who has 192.167.6.135? (ARP Probe),1
87,14.821706,VMware_8a:b9:83,Broadcast,ARP,60,Who has 192.167.6.135? (ARP Probe),1
93,15.816813,VMware_8a:b9:83,Broadcast,ARP,60,Who has 192.167.6.135? (ARP Probe),1
98,16.816848,VMware_8a:b9:83,Broadcast,ARP,60,ARP Announcement for 192.167.6.135,0
2061,32.587378,VMware_8a:e8:0f,Broadcast,ARP,60,Who has 192.167.8.180? Tell 192.167.7.45,1
2063,33.379892,VMware_8a:45:3d,VMware_8a:d4:cf,ARP,42,Who has 192.167.5.114? Tell 192.167.5.113,1
2064,33.380551,VMware_8a:d4:cf,VMware_8a:45:3d,ARP,60,192.167.5.114 is at 00:50:56:8a:d4:cf,0
2072,35.18689,VMware_8a:e8:0f,Broadcast,ARP,60,Who has 192.167.8.180? Tell 192.167.7.45,1
2081,36.100146,VMware_8a:e8:0f,Broadcast,ARP,60,Who has 192.167.8.180? Tell 192.167.7.45,1
2086,37.094535,VMware_8a:e8:0f,Broadcast,ARP,60,Who has 192.167.8.180? Tell 192.167.7.45,1
2092,38.250755,VMware_8a:e8:0f,Broadcast,ARP,60,Who has 192.167.8.180? Tell 192.167.7.45,1
2099,39.091419,VMware_8a:e8:0f,Broadcast,ARP,60,Who has 192.167.8.180? Tell 192.167.7.45,1
2109,40.087373,VMware_8a:e8:0f,Broadcast,ARP,60,Who has 192.167.8.180? Tell 192.167.7.45,1
2114,41.274911,VMware_8a:e8:0f,Broadcast,ARP,60,Who has 192.167.8.180? Tell 192.167.7.45,1
2118,42.102771,VMware_8a:e8:0f,Broadcast,ARP,60,Who has 192.167.8.180? Tell 192.167.7.45,1
2122,43.087234,VMware_8a:e8:0f,Broadcast,ARP,60,Who has 192.167.8.180? Tell 192.167.7.45,1
2135,44.539212,VMware_8a:5c:e6,VMware_8a:45:3d,ARP,60,Who has 192.167.5.113? Tell 192.167.0.1,1
2136,44.539237,VMware_8a:45:3d,VMware_8a:5c:e6,ARP,42,192.167.5.113 is at 00:50:56:8a:45:3d,0
2140,45.274974,VMware_8a:e8:0f,Broadcast,ARP,60,Who has 192.167.8.180? Tell 192.167.7.45,1
2144,46.087636,VMware_8a:e8:0f,Broadcast,ARP,60,Who has 192.167.8.180? Tell 192.167.7.45,1
2148,47.101877,VMware_8a:e8:0f,Broadcast,ARP,60,Who has 192.167.8.180? Tell 192.167.7.45,1
2156,49.273142,VMware_8a:d4:cf,VMware_8a:45:3d,ARP,60,Who has 192.167.5.113? Tell 192.167.5.114,1
2157,49.273166,VMware_8a:45:3d,VMware_8a:d4:cf,ARP,42,192.167.5.113 is at 00:50:56:8a:45:3d,0
2178,53.281316,VMware_8a:e8:0f,Broadcast,ARP,60,Who has 192.167.8.180? Tell 192.167.7.45,1
2182,54.087829,VMware_8a:e8:0f,Broadcast,ARP,60,Who has 192.167.8.180? Tell 192.167.7.45,1
2188,55.072318,VMware_8a:5c:e6,Broadcast,ARP,60,Who has 192.167.7.120? Tell 192.167.0.1,1
2189,55.102149,VMware_8a:e8:0f,Broadcast,ARP,60,Who has 192.167.8.180? Tell 192.167.7.45,1
2193,56.071656,VMware_8a:5c:e6,Broadcast,ARP,60,Who has 192.167.7.120? Tell 192.167.0.1,1
2201,56.171564,VMware_8a:c8:87,Broadcast,ARP,60,Who has 192.167.7.120? (ARP Probe),1
2213,57.073577,VMware_8a:5c:e6,Broadcast,ARP,60,Who has 192.167.7.120? Tell 192.167.0.1,1
2214,57.171536,VMware_8a:c8:87,Broadcast,ARP,60,Who has 192.167.7.120? (ARP Probe),1
2229,58.171657,VMware_8a:c8:87,Broadcast,ARP,60,Who has 192.167.7.120? (ARP Probe),1
2244,59.171804,VMware_8a:c8:87,Broadcast,ARP,60,ARP Announcement for 192.167.7.120,1
4243,76.895899,VMware_8a:45:3d,VMware_8a:d4:cf,ARP,42,Who has 192.167.5.114? Tell 192.167.5.113,1
4244,76.896427,VMware_8a:d4:cf,VMware_8a:45:3d,ARP,60,192.167.5.114 is at 00:50:56:8a:d4:cf,0
4279,84.474837,VMware_8a:5c:e6,VMware_8a:45:3d,ARP,60,Who has 192.167.5.113? Tell 192.167.0.1,1
4280,84.474861,VMware_8a:45:3d,VMware_8a:5c:e6,ARP,42,192.167.5.113 is at 00:50:56:8a:45:3d,0
4286,85.771182,VMware_8a:d4:cf,VMware_8a:45:3d,ARP,60,Who has 192.167.5.113? Tell 192.167.5.114,1
4287,85.771201,VMware_8a:45:3d,VMware_8a:d4:cf,ARP,42,192.167.5.113 is at 00:50:56:8a:45:3d,0
6230,113.843321,VMware_8a:ee:57,Broadcast,ARP,60,Who has 192.167.5.161? (ARP Probe),1
6235,114.843212,VMware_8a:ee:57,Broadcast,ARP,60,Who has 192.167.5.161? (ARP Probe),1
6239,115.493367,VMware_8a:5c:e6,Broadcast,ARP,60,Who has 192.167.5.161? Tell 192.167.0.1,1
6245,115.843038,VMware_8a:ee:57,Broadcast,ARP,60,Who has 192.167.5.161? (ARP Probe),1
6250,116.843287,VMware_8a:ee:57,Broadcast,ARP,60,ARP Announcement for 192.167.5.161,1
6643,119.647996,VMware_8a:45:3d,VMware_8a:d4:cf,ARP,42,Who has 192.167.5.114? Tell 192.167.5.113,1
6644,119.648453,VMware_8a:d4:cf,VMware_8a:45:3d,ARP,60,192.167.5.114 is at 00:50:56:8a:d4:cf,0
6656,122.27125,VMware_8a:d4:cf,VMware_8a:45:3d,ARP,60,Who has 192.167.5.113? Tell 192.167.5.114,1
6657,122.271275,VMware_8a:45:3d,VMware_8a:d4:cf,ARP,42,192.167.5.113 is at 00:50:56:8a:45:3d,0
6689,128.890503,VMware_8a:5c:e6,VMware_8a:45:3d,ARP,60,Who has 192.167.5.113? Tell 192.167.0.1,1
6690,128.890527,VMware_8a:45:3d,VMware_8a:5c:e6,ARP,42,192.167.5.113 is at 00:50:56:8a:45:3d,0
6734,140.169847,VMware_8a:d6:9c,Broadcast,ARP,60,Who has 192.167.7.25? Tell 192.167.5.118,1
6744,143.021263,VMware_8a:d6:9c,Broadcast,ARP,60,Who has 192.167.7.25? Tell 192.167.5.118,1
6747,143.668236,VMware_8a:d6:9c,Broadcast,ARP,60,Who has 192.167.7.25? Tell 192.167.5.118,1
6751,144.656064,VMware_8a:d6:9c,Broadcast,ARP,60,Who has 192.167.7.25? Tell 192.167.5.118,1
6759,147.035918,VMware_8a:d6:9c,Broadcast,ARP,60,Who has 192.167.7.25? Tell 192.167.5.118,1
6760,147.36608,VMware_8a:5c:e6,Broadcast,ARP,60,Who has 192.167.0.1? Tell 0.0.0.0,1
6762,147.667341,VMware_8a:d6:9c,Broadcast,ARP,60,Who has 192.167.7.25? Tell 192.167.5.118,1
6766,148.366005,VMware_8a:5c:e6,Broadcast,ARP,60,Who has 192.167.0.1? Tell 0.0.0.0,1
6767,148.655983,VMware_8a:d6:9c,Broadcast,ARP,60,Who has 192.167.7.25? Tell 192.167.5.118,1
7186,155.051617,VMware_8a:d6:9c,Broadcast,ARP,60,Who has 192.167.7.25? Tell 192.167.5.118,1
7187,155.65986,VMware_8a:d6:9c,Broadcast,ARP,60,Who has 192.167.7.25? Tell 192.167.5.118,1
7191,156.660454,VMware_8a:d6:9c,Broadcast,ARP,60,Who has 192.167.7.25? Tell 192.167.5.118,1
7198,158.278344,VMware_8a:d4:cf,VMware_8a:45:3d,ARP,60,Who has 192.167.5.113? Tell 192.167.5.114,1
7199,158.27837,VMware_8a:45:3d,VMware_8a:d4:cf,ARP,42,192.167.5.113 is at 00:50:56:8a:45:3d,0
7216,162.911983,VMware_8a:45:3d,VMware_8a:d4:cf,ARP,42,Who has 192.167.5.114? Tell 192.167.5.113,1
7217,162.912726,VMware_8a:d4:cf,VMware_8a:45:3d,ARP,60,192.167.5.114 is at 00:50:56:8a:d4:cf,0
9344,180.730083,VMware_8a:5c:e6,VMware_8a:45:3d,ARP,60,Who has 192.167.5.113? Tell 192.167.0.1,1
9345,180.730123,VMware_8a:45:3d,VMware_8a:5c:e6,ARP,42,192.167.5.113 is at 00:50:56:8a:45:3d,0
9391,194.770101,VMware_8a:d4:cf,VMware_8a:45:3d,ARP,60,Who has 192.167.5.113? Tell 192.167.5.114,1
9392,194.770121,VMware_8a:45:3d,VMware_8a:d4:cf,ARP,42,192.167.5.113 is at 00:50:56:8a:45:3d,0
9420,200.767648,VMware_8a:5c:e6,Broadcast,ARP,60,Who has 192.167.6.168? Tell 192.167.0.1,1
9421,200.852335,VMware_8a:17:7f,Broadcast,ARP,60,Who has 192.167.8.180? Tell 192.167.6.152,1
9426,201.768306,VMware_8a:5c:e6,Broadcast,ARP,60,Who has 192.167.6.168? Tell 192.167.0.1,1
9429,202.422372,VMware_8a:e5:2a,Broadcast,ARP,60,Who has 169.254.117.119? (ARP Probe),1
9431,202.770371,VMware_8a:5c:e6,Broadcast,ARP,60,Who has 192.167.6.168? Tell 192.167.0.1,1
9434,203.42235,VMware_8a:e5:2a,Broadcast,ARP,60,Who has 169.254.117.119? (ARP Probe),1
9436,203.559006,VMware_8a:17:7f,Broadcast,ARP,60,Who has 192.167.8.180? Tell 192.167.6.152,1
9448,204.356022,VMware_8a:17:7f,Broadcast,ARP,60,Who has 192.167.8.180? Tell 192.167.6.152,1
9449,204.422395,VMware_8a:e5:2a,Broadcast,ARP,60,Who has 169.254.117.119? (ARP Probe),1
9459,204.922346,VMware_8a:e5:2a,Broadcast,ARP,60,Who has 192.167.6.168? (ARP Probe),1
9469,205.355805,VMware_8a:17:7f,Broadcast,ARP,60,Who has 192.167.8.180? Tell 192.167.6.152,1
9470,205.485372,VMware_8a:5c:e6,Broadcast,ARP,60,Who has 192.167.6.168? Tell 192.167.0.1,1
9473,205.919905,VMware_8a:45:3d,VMware_8a:d4:cf,ARP,42,Who has 192.167.5.114? Tell 192.167.5.113,1
9474,205.920177,VMware_8a:d4:cf,VMware_8a:45:3d,ARP,60,192.167.5.114 is at 00:50:56:8a:d4:cf,0
9475,205.922142,VMware_8a:e5:2a,Broadcast,ARP,60,Who has 192.167.6.168? (ARP Probe),1
9487,206.9223,VMware_8a:e5:2a,Broadcast,ARP,60,Who has 192.167.6.168? (ARP Probe),1
9491,207.558158,VMware_8a:17:7f,Broadcast,ARP,60,Who has 192.167.8.180? Tell 192.167.6.152,1
9493,207.922337,VMware_8a:e5:2a,Broadcast,ARP,60,ARP Announcement for 192.167.6.168,1
9496,208.344674,VMware_8a:17:7f,Broadcast,ARP,60,Who has 192.167.8.180? Tell 192.167.6.152,1
9933,209.357013,VMware_8a:17:7f,Broadcast,ARP,60,Who has 192.167.8.180? Tell 192.167.6.152,1
9952,215.558681,VMware_8a:17:7f,Broadcast,ARP,60,Who has 192.167.8.180? Tell 192.167.6.152,1
9956,216.359893,VMware_8a:17:7f,Broadcast,ARP,60,Who has 192.167.8.180? Tell 192.167.6.152,1
9963,217.354229,VMware_8a:17:7f,Broadcast,ARP,60,Who has 192.167.8.180? Tell 192.167.6.152,1
11514,224.217782,VMware_8a:5c:e6,VMware_8a:45:3d,ARP,60,Who has 192.167.5.113? Tell 192.167.0.1,1
11515,224.217809,VMware_8a:45:3d,VMware_8a:5c:e6,ARP,42,192.167.5.113 is at 00:50:56:8a:45:3d,0
11540,231.263,VMware_8a:d4:cf,VMware_8a:45:3d,ARP,60,Who has 192.167.5.113? Tell 192.167.5.114,1
11541,231.263026,VMware_8a:45:3d,VMware_8a:d4:cf,ARP,42,192.167.5.113 is at 00:50:56:8a:45:3d,0
11553,234.591891,VMware_8a:45:3d,VMware_8a:d4:cf,ARP,42,Who has 192.167.5.114? Tell 192.167.5.113,1
11554,234.592376,VMware_8a:d4:cf,VMware_8a:45:3d,ARP,60,192.167.5.114 is at 00:50:56:8a:d4:cf,0
12154,262.751891,VMware_8a:45:3d,VMware_8a:d4:cf,ARP,42,Who has 192.167.5.114? Tell 192.167.5.113,1
12156,262.752428,VMware_8a:d4:cf,VMware_8a:45:3d,ARP,60,192.167.5.114 is at 00:50:56:8a:d4:cf,0
13616,267.271301,VMware_8a:d4:cf,VMware_8a:45:3d,ARP,60,Who has 192.167.5.113? Tell 192.167.5.114,1
13617,267.27132,VMware_8a:45:3d,VMware_8a:d4:cf,ARP,42,192.167.5.113 is at 00:50:56:8a:45:3d,0
14001,271.913469,VMware_8a:5c:e6,VMware_8a:45:3d,ARP,60,Who has 192.167.5.113? Tell 192.167.0.1,1
14002,271.913492,VMware_8a:45:3d,VMware_8a:5c:e6,ARP,42,192.167.5.113 is at 00:50:56:8a:45:3d,0
14065,289.887901,VMware_8a:45:3d,VMware_8a:d4:cf,ARP,42,Who has 192.167.5.114? Tell 192.167.5.113,1
14066,289.888425,VMware_8a:d4:cf,VMware_8a:45:3d,ARP,60,192.167.5.114 is at 00:50:56:8a:d4:cf,0
14109,299.027106,VMware_8a:2c:5d,Broadcast,ARP,60,Who has 169.254.128.41? (ARP Probe),1
14504,299.626164,VMware_8a:5c:e6,Broadcast,ARP,60,Who has 192.167.7.79? Tell 192.167.0.1,1
14506,300.027644,VMware_8a:2c:5d,Broadcast,ARP,60,Who has 169.254.128.41? (ARP Probe),1
14508,300.045065,VMware_8a:a4:d6,Broadcast,ARP,60,Who has 169.254.128.41? Tell 192.167.7.151,1
14509,300.045609,VMware_8a:23:16,Broadcast,ARP,60,Who has 169.254.128.41? Tell 192.167.8.17,1
14510,300.046777,VMware_8a:96:36,Broadcast,ARP,60,Who has 169.254.128.41? Tell 192.167.6.178,1
14511,300.047112,VMware_8a:52:a2,Broadcast,ARP,60,Who has 169.254.128.41? Tell 192.167.5.116,1
14515,300.625458,VMware_8a:5c:e6,Broadcast,ARP,60,Who has 192.167.7.79? Tell 192.167.0.1,1
14517,301.030188,VMware_8a:2c:5d,Broadcast,ARP,60,Who has 169.254.128.41? (ARP Probe),1
14525,301.538266,VMware_8a:2c:5d,Broadcast,ARP,60,Who has 192.167.7.79? (ARP Probe),1
14527,301.627539,VMware_8a:5c:e6,Broadcast,ARP,60,Who has 192.167.7.79? Tell 192.167.0.1,1
14532,302.528592,VMware_8a:2c:5d,Broadcast,ARP,60,Who has 192.167.7.79? (ARP Probe),1
14541,303.528664,VMware_8a:2c:5d,Broadcast,ARP,60,Who has 192.167.7.79? (ARP Probe),1
14545,303.763131,VMware_8a:d4:cf,VMware_8a:45:3d,ARP,60,Who has 192.167.5.113? Tell 192.167.5.114,1
14546,303.763151,VMware_8a:45:3d,VMware_8a:d4:cf,ARP,42,192.167.5.113 is at 00:50:56:8a:45:3d,0
14550,304.52865,VMware_8a:2c:5d,Broadcast,ARP,60,ARP Announcement for 192.167.7.79,1
16032,318.303975,VMware_8a:45:3d,VMware_8a:d4:cf,ARP,42,Who has 192.167.5.114? Tell 192.167.5.113,1
16033,318.304611,VMware_8a:d4:cf,VMware_8a:45:3d,ARP,60,192.167.5.114 is at 00:50:56:8a:d4:cf,0
16039,320.152765,VMware_8a:5c:e6,VMware_8a:45:3d,ARP,60,Who has 192.167.5.113? Tell 192.167.0.1,1
16040,320.152794,VMware_8a:45:3d,VMware_8a:5c:e6,ARP,42,192.167.5.113 is at 00:50:56:8a:45:3d,0
16074,327.365388,VMware_8a:5c:e6,Broadcast,ARP,60,Who has 192.167.0.1? Tell 0.0.0.0,1
16079,328.365509,VMware_8a:5c:e6,Broadcast,ARP,60,Who has 192.167.0.1? Tell 0.0.0.0,1
16573,340.268656,VMware_8a:d4:cf,VMware_8a:45:3d,ARP,60,Who has 192.167.5.113? Tell 192.167.5.114,1
16574,340.26868,VMware_8a:45:3d,VMware_8a:d4:cf,ARP,42,192.167.5.113 is at 00:50:56:8a:45:3d,0
16596,346.975975,VMware_8a:45:3d,VMware_8a:d4:cf,ARP,42,Who has 192.167.5.114? Tell 192.167.5.113,1
16597,346.976837,VMware_8a:d4:cf,VMware_8a:45:3d,ARP,60,192.167.5.114 is at 00:50:56:8a:d4:cf,0
18713,363.192698,VMware_8a:5c:e6,VMware_8a:45:3d,ARP,60,Who has 192.167.5.113? Tell 192.167.0.1,1
18714,363.192724,VMware_8a:45:3d,VMware_8a:5c:e6,ARP,42,192.167.5.113 is at 00:50:56:8a:45:3d,0
18801,375.651906,VMware_8a:45:3d,VMware_8a:d4:cf,ARP,42,Who has 192.167.5.114? Tell 192.167.5.113,1
18802,375.652457,VMware_8a:d4:cf,VMware_8a:45:3d,ARP,60,192.167.5.114 is at 00:50:56:8a:d4:cf,0
18804,376.270646,VMware_8a:d4:cf,VMware_8a:45:3d,ARP,60,Who has 192.167.5.113? Tell 192.167.5.114,1
18805,376.270674,VMware_8a:45:3d,VMware_8a:d4:cf,ARP,42,192.167.5.113 is at 00:50:56:8a:45:3d,0
19309,404.831893,VMware_8a:45:3d,VMware_8a:d4:cf,ARP,42,Who has 192.167.5.114? Tell 192.167.5.113,1
19310,404.83245,VMware_8a:d4:cf,VMware_8a:45:3d,ARP,60,192.167.5.114 is at 00:50:56:8a:d4:cf,0
20814,408.872172,VMware_8a:5c:e6,VMware_8a:45:3d,ARP,60,Who has 192.167.5.113? Tell 192.167.0.1,1
20815,408.872192,VMware_8a:45:3d,VMware_8a:5c:e6,ARP,42,192.167.5.113 is at 00:50:56:8a:45:3d,0
20828,412.770205,VMware_8a:d4:cf,VMware_8a:45:3d,ARP,60,Who has 192.167.5.113? Tell 192.167.5.114,1
20829,412.770223,VMware_8a:45:3d,VMware_8a:d4:cf,ARP,42,192.167.5.113 is at 00:50:56:8a:45:3d,0
20853,416.635249,VMware_8a:54:54,Broadcast,ARP,60,Who has 192.167.5.109? (ARP Probe),1
20858,417.635182,VMware_8a:54:54,Broadcast,ARP,60,Who has 192.167.5.109? (ARP Probe),1
20864,418.634992,VMware_8a:54:54,Broadcast,ARP,60,Who has 192.167.5.109? (ARP Probe),1
21277,419.63855,VMware_8a:54:54,Broadcast,ARP,60,ARP Announcement for 192.167.5.109,1
21331,432.991903,VMware_8a:45:3d,VMware_8a:d4:cf,ARP,42,Who has 192.167.5.114? Tell 192.167.5.113,1
21332,432.992476,VMware_8a:d4:cf,VMware_8a:45:3d,ARP,60,192.167.5.114 is at 00:50:56:8a:d4:cf,0
21401,448.775954,VMware_8a:d4:cf,VMware_8a:45:3d,ARP,60,Who has 192.167.5.113? Tell 192.167.5.114,1
21402,448.775973,VMware_8a:45:3d,VMware_8a:d4:cf,ARP,42,192.167.5.113 is at 00:50:56:8a:45:3d,0
21835,453.591795,VMware_8a:5c:e6,VMware_8a:45:3d,ARP,60,Who has 192.167.5.113? Tell 192.167.0.1,1
21836,453.591819,VMware_8a:45:3d,VMware_8a:5c:e6,ARP,42,192.167.5.113 is at 00:50:56:8a:45:3d,0
23386,461.65565,VMware_8a:d6:9c,Broadcast,ARP,60,Who has 192.167.7.25? Tell 192.167.5.118,1
23388,461.923979,VMware_8a:45:3d,VMware_8a:d4:cf,ARP,42,Who has 192.167.5.114? Tell 192.167.5.113,1
23389,461.924771,VMware_8a:d4:cf,VMware_8a:45:3d,ARP,60,192.167.5.114 is at 00:50:56:8a:d4:cf,0
23400,464.376645,VMware_8a:d6:9c,Broadcast,ARP,60,Who has 192.167.7.25? Tell 192.167.5.118,1
23402,465.16425,VMware_8a:d6:9c,Broadcast,ARP,60,Who has 192.167.7.25? Tell 192.167.5.118,1
23406,466.163506,VMware_8a:d6:9c,Broadcast,ARP,60,Who has 192.167.7.25? Tell 192.167.5.118,1
23415,468.392194,VMware_8a:d6:9c,Broadcast,ARP,60,Who has 192.167.7.25? Tell 192.167.5.118,1
23417,469.150883,VMware_8a:d6:9c,Broadcast,ARP,60,Who has 192.167.7.25? Tell 192.167.5.118,1
23421,470.161617,VMware_8a:d6:9c,Broadcast,ARP,60,Who has 192.167.7.25? Tell 192.167.5.118,1
23443,476.406263,VMware_8a:d6:9c,Broadcast,ARP,60,Who has 192.167.7.25? Tell 192.167.5.118,1
23447,477.16303,VMware_8a:d6:9c,Broadcast,ARP,60,Who has 192.167.7.25? Tell 192.167.5.118,1
23451,478.165466,VMware_8a:d6:9c,Broadcast,ARP,60,Who has 192.167.7.25? Tell 192.167.5.118,1
23904,485.270543,VMware_8a:d4:cf,VMware_8a:45:3d,ARP,60,Who has 192.167.5.113? Tell 192.167.5.114,1
23905,485.270567,VMware_8a:45:3d,VMware_8a:d4:cf,ARP,42,192.167.5.113 is at 00:50:56:8a:45:3d,0
23918,488.887649,VMware_8a:5c:e6,VMware_8a:45:3d,ARP,60,Who has 192.167.5.113? Tell 192.167.0.1,1
23919,488.88767,VMware_8a:45:3d,VMware_8a:5c:e6,ARP,42,192.167.5.113 is at 00:50:56:8a:45:3d,0
23925,490.591905,VMware_8a:45:3d,VMware_8a:d4:cf,ARP,42,Who has 192.167.5.114? Tell 192.167.5.113,1
23926,490.592714,VMware_8a:d4:cf,VMware_8a:45:3d,ARP,60,192.167.5.114 is at 00:50:56:8a:d4:cf,0
25527,511.839941,VMware_8a:45:3d,VMware_8a:d4:cf,ARP,42,Who has 192.167.5.114? Tell 192.167.5.113,1
25528,511.840577,VMware_8a:d4:cf,VMware_8a:45:3d,ARP,60,192.167.5.114 is at 00:50:56:8a:d4:cf,0
25534,513.425491,VMware_8a:5c:e6,Broadcast,ARP,60,Who has 192.167.0.1? Tell 0.0.0.0,1
25538,514.425465,VMware_8a:5c:e6,Broadcast,ARP,60,Who has 192.167.0.1? Tell 0.0.0.0,1
25569,521.766186,VMware_8a:d4:cf,VMware_8a:45:3d,ARP,60,Who has 192.167.5.113? Tell 192.167.5.114,1
25570,521.76621,VMware_8a:45:3d,VMware_8a:d4:cf,ARP,42,192.167.5.113 is at 00:50:56:8a:45:3d,0
25603,528.871058,VMware_8a:5c:e6,VMware_8a:45:3d,ARP,60,Who has 192.167.5.113? Tell 192.167.0.1,1
25604,528.871078,VMware_8a:45:3d,VMware_8a:5c:e6,ARP,42,192.167.5.113 is at 00:50:56:8a:45:3d,0
25614,532.319903,VMware_8a:45:3d,VMware_8a:d4:cf,ARP,42,Who has 192.167.5.114? Tell 192.167.5.113,1
25615,532.320407,VMware_8a:d4:cf,VMware_8a:45:3d,ARP,60,192.167.5.114 is at 00:50:56:8a:d4:cf,0
25693,552.799898,VMware_8a:45:3d,VMware_8a:d4:cf,ARP,42,Who has 192.167.5.114? Tell 192.167.5.113,1
25694,552.800393,VMware_8a:d4:cf,VMware_8a:45:3d,ARP,60,192.167.5.114 is at 00:50:56:8a:d4:cf,0
25712,558.261207,VMware_8a:d4:cf,VMware_8a:45:3d,ARP,60,Who has 192.167.5.113? Tell 192.167.5.114,1
25713,558.261232,VMware_8a:45:3d,VMware_8a:d4:cf,ARP,42,192.167.5.113 is at 00:50:56:8a:45:3d,0
25749,565.606697,VMware_8a:5c:e6,VMware_8a:45:3d,ARP,60,Who has 192.167.5.113? Tell 192.167.0.1,1
25750,565.606718,VMware_8a:45:3d,VMware_8a:5c:e6,ARP,42,192.167.5.113 is at 00:50:56:8a:45:3d,0
25809,574.047893,VMware_8a:45:3d,VMware_8a:d4:cf,ARP,42,Who has 192.167.5.114? Tell 192.167.5.113,1
25810,574.048405,VMware_8a:d4:cf,VMware_8a:45:3d,ARP,60,192.167.5.114 is at 00:50:56:8a:d4:cf,0
25878,594.01989,VMware_8a:45:3d,VMware_8a:5c:e6,ARP,42,Who has 192.167.0.1? Tell 192.167.5.113,1
25879,594.020451,VMware_8a:5c:e6,VMware_8a:45:3d,ARP,60,192.167.0.1 is at 00:50:56:8a:5c:e6,0
25883,594.769314,VMware_8a:d4:cf,VMware_8a:45:3d,ARP,60,Who has 192.167.5.113? Tell 192.167.5.114,1
25884,594.769332,VMware_8a:45:3d,VMware_8a:d4:cf,ARP,42,192.167.5.113 is at 00:50:56:8a:45:3d,0
25886,595.039905,VMware_8a:45:3d,VMware_8a:d4:cf,ARP,42,Who has 192.167.5.114? Tell 192.167.5.113,1
25887,595.040781,VMware_8a:d4:cf,VMware_8a:45:3d,ARP,60,192.167.5.114 is at 00:50:56:8a:d4:cf,0
25936,603.974892,VMware_8a:5c:e6,VMware_8a:45:3d,ARP,60,Who has 192.167.5.113? Tell 192.167.0.1,1
25937,603.974911,VMware_8a:45:3d,VMware_8a:5c:e6,ARP,42,192.167.5.113 is at 00:50:56:8a:45:3d,0
25981,615.779892,VMware_8a:45:3d,VMware_8a:d4:cf,ARP,42,Who has 192.167.5.114? Tell 192.167.5.113,1
25982,615.780463,VMware_8a:d4:cf,VMware_8a:45:3d,ARP,60,192.167.5.114 is at 00:50:56:8a:d4:cf,0
31369,631.767592,VMware_8a:d4:cf,VMware_8a:45:3d,ARP,60,Who has 192.167.5.113? Tell 192.167.5.114,1
31370,631.767615,VMware_8a:45:3d,VMware_8a:d4:cf,ARP,42,192.167.5.113 is at 00:50:56:8a:45:3d,0
31389,637.023885,VMware_8a:45:3d,VMware_8a:d4:cf,ARP,42,Who has 192.167.5.114? Tell 192.167.5.113,1
31390,637.024287,VMware_8a:d4:cf,VMware_8a:45:3d,ARP,60,192.167.5.114 is at 00:50:56:8a:d4:cf,0
32972,644.597975,VMware_8a:5c:e6,VMware_8a:45:3d,ARP,60,Who has 192.167.5.113? Tell 192.167.0.1,1
32973,644.597998,VMware_8a:45:3d,VMware_8a:5c:e6,ARP,42,192.167.5.113 is at 00:50:56:8a:45:3d,0
33017,658.019894,VMware_8a:45:3d,VMware_8a:d4:cf,ARP,42,Who has 192.167.5.114? Tell 192.167.5.113,1
33018,658.020714,VMware_8a:d4:cf,VMware_8a:45:3d,ARP,60,192.167.5.114 is at 00:50:56:8a:d4:cf,0
33444,662.664143,VMware_8a:d6:9c,Broadcast,ARP,60,Who has 192.167.8.180? Tell 192.167.5.118,1
33452,665.273905,VMware_8a:d6:9c,Broadcast,ARP,60,Who has 192.167.8.180? Tell 192.167.5.118,1
33456,666.150016,VMware_8a:d6:9c,Broadcast,ARP,60,Who has 192.167.8.180? Tell 192.167.5.118,1
33460,667.154786,VMware_8a:d6:9c,Broadcast,ARP,60,Who has 192.167.8.180? Tell 192.167.5.118,1
33464,668.273497,VMware_8a:d4:cf,VMware_8a:45:3d,ARP,60,Who has 192.167.5.113? Tell 192.167.5.114,1
33465,668.273518,VMware_8a:45:3d,VMware_8a:d4:cf,ARP,42,192.167.5.113 is at 00:50:56:8a:45:3d,0
33469,669.286362,VMware_8a:d6:9c,Broadcast,ARP,60,Who has 192.167.8.180? Tell 192.167.5.118,1
33475,670.162669,VMware_8a:d6:9c,Broadcast,ARP,60,Who has 192.167.8.180? Tell 192.167.5.118,1
33479,671.160089,VMware_8a:d6:9c,Broadcast,ARP,60,Who has 192.167.8.180? Tell 192.167.5.118,1
34211,677.296864,VMware_8a:d6:9c,Broadcast,ARP,60,Who has 192.167.8.180? Tell 192.167.5.118,1
34215,678.162806,VMware_8a:d6:9c,Broadcast,ARP,60,Who has 192.167.8.180? Tell 192.167.5.118,1
34218,678.751906,VMware_8a:45:3d,VMware_8a:d4:cf,ARP,42,Who has 192.167.5.114? Tell 192.167.5.113,1
34219,678.752418,VMware_8a:d4:cf,VMware_8a:45:3d,ARP,60,192.167.5.114 is at 00:50:56:8a:d4:cf,0
34221,679.151027,VMware_8a:d6:9c,Broadcast,ARP,60,Who has 192.167.8.180? Tell 192.167.5.118,1
34227,680.021708,VMware_8a:5c:e6,VMware_8a:45:3d,ARP,60,Who has 192.167.5.113? Tell 192.167.0.1,1
34228,680.021728,VMware_8a:45:3d,VMware_8a:5c:e6,ARP,42,192.167.5.113 is at 00:50:56:8a:45:3d,0
36141,693.387486,VMware_8a:5c:e6,Broadcast,ARP,60,Who has 192.167.0.1? Tell 0.0.0.0,1
36145,694.38741,VMware_8a:5c:e6,Broadcast,ARP,60,Who has 192.167.0.1? Tell 0.0.0.0,1
36163,699.7439,VMware_8a:45:3d,VMware_8a:d4:cf,ARP,42,Who has 192.167.5.114? Tell 192.167.5.113,1
36164,699.744563,VMware_8a:d4:cf,VMware_8a:45:3d,ARP,60,192.167.5.114 is at 00:50:56:8a:d4:cf,0
36181,704.767755,VMware_8a:d4:cf,VMware_8a:45:3d,ARP,60,Who has 192.167.5.113? Tell 192.167.5.114,1
36182,704.767779,VMware_8a:45:3d,VMware_8a:d4:cf,ARP,42,192.167.5.113 is at 00:50:56:8a:45:3d,0
36216,714.741617,VMware_8a:5c:e6,VMware_8a:45:3d,ARP,60,Who has 192.167.5.113? Tell 192.167.0.1,1
36217,714.741641,VMware_8a:45:3d,VMware_8a:5c:e6,ARP,42,192.167.5.113 is at 00:50:56:8a:45:3d,0
36219,714.851886,VMware_8a:45:3d,VMware_8a:5c:e6,ARP,42,Who has 192.167.0.1? Tell 192.167.5.113,1
36220,714.853129,VMware_8a:5c:e6,VMware_8a:45:3d,ARP,60,192.167.0.1 is at 00:50:56:8a:5c:e6,0
36616,720.991906,VMware_8a:45:3d,VMware_8a:d4:cf,ARP,42,Who has 192.167.5.114? Tell 192.167.5.113,1
36617,720.992533,VMware_8a:d4:cf,VMware_8a:45:3d,ARP,60,192.167.5.114 is at 00:50:56:8a:d4:cf,0
38172,740.758111,VMware_8a:d4:cf,VMware_8a:45:3d,ARP,60,Who has 192.167.5.113? Tell 192.167.5.114,1
38173,740.758137,VMware_8a:45:3d,VMware_8a:d4:cf,ARP,42,192.167.5.113 is at 00:50:56:8a:45:3d,0
38178,741.98389,VMware_8a:45:3d,VMware_8a:d4:cf,ARP,42,Who has 192.167.5.114? Tell 192.167.5.113,1
38179,741.984712,VMware_8a:d4:cf,VMware_8a:45:3d,ARP,60,192.167.5.114 is at 00:50:56:8a:d4:cf,0
38692,762.463903,VMware_8a:45:3d,VMware_8a:d4:cf,ARP,42,Who has 192.167.5.114? Tell 192.167.5.113,1
38694,762.464534,VMware_8a:d4:cf,VMware_8a:45:3d,ARP,60,192.167.5.114 is at 00:50:56:8a:d4:cf,0
38708,764.404868,VMware_8a:5c:e6,VMware_8a:45:3d,ARP,60,Who has 192.167.5.113? Tell 192.167.0.1,1
38709,764.404893,VMware_8a:45:3d,VMware_8a:5c:e6,ARP,42,192.167.5.113 is at 00:50:56:8a:45:3d,0
38751,777.272289,VMware_8a:d4:cf,VMware_8a:45:3d,ARP,60,Who has 192.167.5.113? Tell 192.167.5.114,1
38752,777.272312,VMware_8a:45:3d,VMware_8a:d4:cf,ARP,42,192.167.5.113 is at 00:50:56:8a:45:3d,0
39201,782.943885,VMware_8a:45:3d,VMware_8a:d4:cf,ARP,42,Who has 192.167.5.114? Tell 192.167.5.113,1
39202,782.944354,VMware_8a:d4:cf,VMware_8a:45:3d,ARP,60,192.167.5.114 is at 00:50:56:8a:d4:cf,0
39203,783.163196,VMware_8a:d6:9c,Broadcast,ARP,60,Who has 192.167.7.25? Tell 192.167.5.118,1
41344,785.831525,VMware_8a:d6:9c,Broadcast,ARP,60,Who has 192.167.7.25? Tell 192.167.5.118,1
41345,786.650205,VMware_8a:d6:9c,Broadcast,ARP,60,Who has 192.167.7.25? Tell 192.167.5.118,1
41349,787.650951,VMware_8a:d6:9c,Broadcast,ARP,60,Who has 192.167.7.25? Tell 192.167.5.118,1
41359,789.835467,VMware_8a:d6:9c,Broadcast,ARP,60,Who has 192.167.7.25? Tell 192.167.5.118,1
41360,790.648744,VMware_8a:d6:9c,Broadcast,ARP,60,Who has 192.167.7.25? Tell 192.167.5.118,1
41364,791.647838,VMware_8a:d6:9c,Broadcast,ARP,60,Who has 192.167.7.25? Tell 192.167.5.118,1
41391,797.85102,VMware_8a:d6:9c,Broadcast,ARP,60,Who has 192.167.7.25? Tell 192.167.5.118,1
41392,798.647642,VMware_8a:d6:9c,Broadcast,ARP,60,Who has 192.167.7.25? Tell 192.167.5.118,1
41396,799.648026,VMware_8a:d6:9c,Broadcast,ARP,60,Who has 192.167.7.25? Tell 192.167.5.118,1
41889,810.99659,VMware_8a:5c:e6,VMware_8a:45:3d,ARP,60,Who has 192.167.5.113? Tell 192.167.0.1,1
41890,810.996614,VMware_8a:45:3d,VMware_8a:5c:e6,ARP,42,192.167.5.113 is at 00:50:56:8a:45:3d,0
41897,813.767743,VMware_8a:d4:cf,VMware_8a:45:3d,ARP,60,Who has 192.167.5.113? Tell 192.167.5.114,1
41898,813.767766,VMware_8a:45:3d,VMware_8a:d4:cf,ARP,42,192.167.5.113 is at 00:50:56:8a:45:3d,0
41950,829.023899,VMware_8a:45:3d,VMware_8a:d4:cf,ARP,42,Who has 192.167.5.114? Tell 192.167.5.113,1
41951,829.02461,VMware_8a:d4:cf,VMware_8a:45:3d,ARP,60,192.167.5.114 is at 00:50:56:8a:d4:cf,0
41952,829.502375,VMware_8a:68:c8,Broadcast,ARP,60,Who has 192.167.8.180? Tell 192.167.6.145,1
41964,832.244458,VMware_8a:68:c8,Broadcast,ARP,60,Who has 192.167.8.180? Tell 192.167.6.145,1
41968,833.008978,VMware_8a:68:c8,Broadcast,ARP,60,Who has 192.167.8.180? Tell 192.167.6.145,1
43634,834.00584,VMware_8a:68:c8,Broadcast,ARP,60,Who has 192.167.8.180? Tell 192.167.6.145,1
43641,836.247046,VMware_8a:68:c8,Broadcast,ARP,60,Who has 192.167.8.180? Tell 192.167.6.145,1
43643,837.000958,VMware_8a:68:c8,Broadcast,ARP,60,Who has 192.167.8.180? Tell 192.167.6.145,1
43647,838.000988,VMware_8a:68:c8,Broadcast,ARP,60,Who has 192.167.8.180? Tell 192.167.6.145,1
44154,844.253649,VMware_8a:68:c8,Broadcast,ARP,60,Who has 192.167.8.180? Tell 192.167.6.145,1
44156,845.004295,VMware_8a:68:c8,Broadcast,ARP,60,Who has 192.167.8.180? Tell 192.167.6.145,1
44160,846.000702,VMware_8a:68:c8,Broadcast,ARP,60,Who has 192.167.8.180? Tell 192.167.6.145,1
44180,849.76797,VMware_8a:d4:cf,VMware_8a:45:3d,ARP,60,Who has 192.167.5.113? Tell 192.167.5.114,1
44181,849.767994,VMware_8a:45:3d,VMware_8a:d4:cf,ARP,42,192.167.5.113 is at 00:50:56:8a:45:3d,0
44235,864.756124,VMware_8a:5c:e6,VMware_8a:45:3d,ARP,60,Who has 192.167.5.113? Tell 192.167.0.1,1
44236,864.756146,VMware_8a:45:3d,VMware_8a:5c:e6,ARP,42,192.167.5.113 is at 00:50:56:8a:45:3d,0
44660,873.404279,VMware_8a:5c:e6,Broadcast,ARP,60,Who has 192.167.0.1? Tell 0.0.0.0,1
44664,874.404405,VMware_8a:5c:e6,Broadcast,ARP,60,Who has 192.167.0.1? Tell 0.0.0.0,1
44668,875.615907,VMware_8a:45:3d,VMware_8a:d4:cf,ARP,42,Who has 192.167.5.114? Tell 192.167.5.113,1
44669,875.616649,VMware_8a:d4:cf,VMware_8a:45:3d,ARP,60,192.167.5.114 is at 00:50:56:8a:d4:cf,0
46333,886.262449,VMware_8a:d4:cf,VMware_8a:45:3d,ARP,60,Who has 192.167.5.113? Tell 192.167.5.114,1
46334,886.262471,VMware_8a:45:3d,VMware_8a:d4:cf,ARP,42,192.167.5.113 is at 00:50:56:8a:45:3d,0
46847,914.931745,VMware_8a:5c:e6,VMware_8a:45:3d,ARP,60,Who has 192.167.5.113? Tell 192.167.0.1,1
46848,914.931765,VMware_8a:45:3d,VMware_8a:5c:e6,ARP,42,192.167.5.113 is at 00:50:56:8a:45:3d,0
46872,922.078723,VMware_8a:e8:0f,Broadcast,ARP,60,Who has 192.167.8.180? Tell 192.167.7.45,1
46873,922.75735,VMware_8a:d4:cf,VMware_8a:45:3d,ARP,60,Who has 192.167.5.113? Tell 192.167.5.114,1
46874,922.757375,VMware_8a:45:3d,VMware_8a:d4:cf,ARP,42,192.167.5.113 is at 00:50:56:8a:45:3d,0
46878,922.975904,VMware_8a:45:3d,VMware_8a:d4:cf,ARP,42,Who has 192.167.5.114? Tell 192.167.5.113,1
46879,922.976624,VMware_8a:d4:cf,VMware_8a:45:3d,ARP,60,192.167.5.114 is at 00:50:56:8a:d4:cf,0
46891,924.660073,VMware_8a:e8:0f,Broadcast,ARP,60,Who has 192.167.8.180? Tell 192.167.7.45,1
46895,925.585057,VMware_8a:e8:0f,Broadcast,ARP,60,Who has 192.167.8.180? Tell 192.167.7.45,1
46899,926.593776,VMware_8a:e8:0f,Broadcast,ARP,60,Who has 192.167.8.180? Tell 192.167.7.45,1
46906,928.675322,VMware_8a:e8:0f,Broadcast,ARP,60,Who has 192.167.8.180? Tell 192.167.7.45,1
48928,929.578533,VMware_8a:e8:0f,Broadcast,ARP,60,Who has 192.167.8.180? Tell 192.167.7.45,1
48932,930.585292,VMware_8a:e8:0f,Broadcast,ARP,60,Who has 192.167.8.180? Tell 192.167.7.45,1
48951,936.675841,VMware_8a:e8:0f,Broadcast,ARP,60,Who has 192.167.8.180? Tell 192.167.7.45,1
48955,937.591678,VMware_8a:e8:0f,Broadcast,ARP,60,Who has 192.167.8.180? Tell 192.167.7.45,1
48959,938.5857,VMware_8a:e8:0f,Broadcast,ARP,60,Who has 192.167.8.180? Tell 192.167.7.45,1
49040,959.26145,VMware_8a:d4:cf,VMware_8a:45:3d,ARP,60,Who has 192.167.5.113? Tell 192.167.5.114,1
49041,959.261471,VMware_8a:45:3d,VMware_8a:d4:cf,ARP,42,192.167.5.113 is at 00:50:56:8a:45:3d,0
49439,963.987283,VMware_8a:5c:e6,VMware_8a:45:3d,ARP,60,Who has 192.167.5.113? Tell 192.167.0.1,1
49440,963.987301,VMware_8a:45:3d,VMware_8a:5c:e6,ARP,42,192.167.5.113 is at 00:50:56:8a:45:3d,0
49465,969.567888,VMware_8a:45:3d,VMware_8a:d4:cf,ARP,42,Who has 192.167.5.114? Tell 192.167.5.113,1
49467,969.568524,VMware_8a:d4:cf,VMware_8a:45:3d,ARP,60,192.167.5.114 is at 00:50:56:8a:d4:cf,0
49494,975.713519,VMware_8a:85:ec,Broadcast,ARP,60,Who has 169.254.80.216? (ARP Probe),1
49499,976.721439,VMware_8a:85:ec,Broadcast,ARP,60,Who has 169.254.80.216? (ARP Probe),1
49506,977.721385,VMware_8a:85:ec,Broadcast,ARP,60,Who has 169.254.80.216? (ARP Probe),1
49508,977.840592,VMware_8a:5c:e6,Broadcast,ARP,60,Who has 192.167.7.68? Tell 192.167.0.1,1
49512,978.72135,VMware_8a:85:ec,Broadcast,ARP,60,ARP Announcement for 169.254.80.216,1
49513,978.736094,VMware_8a:a4:d6,Broadcast,ARP,60,Who has 169.254.80.216? Tell 192.167.7.151,1
49514,978.73651,VMware_8a:52:a2,Broadcast,ARP,60,Who has 169.254.80.216? Tell 192.167.5.116,1
49515,978.738072,VMware_8a:2c:5d,Broadcast,ARP,60,Who has 169.254.80.216? Tell 192.167.7.79,1
49516,978.738177,VMware_8a:23:16,Broadcast,ARP,60,Who has 169.254.80.216? Tell 192.167.8.17,1
49517,978.839522,VMware_8a:5c:e6,Broadcast,ARP,60,Who has 192.167.7.68? Tell 192.167.0.1,1
49523,979.285589,VMware_8a:23:16,Broadcast,ARP,60,Who has 169.254.80.216? Tell 192.167.8.17,1
49524,979.484162,VMware_8a:a4:d6,Broadcast,ARP,60,Who has 169.254.80.216? Tell 192.167.7.151,1
49525,979.534445,VMware_8a:2c:5d,Broadcast,ARP,60,Who has 169.254.80.216? Tell 192.167.7.79,1
49531,979.691128,VMware_8a:52:a2,Broadcast,ARP,60,Who has 169.254.80.216? Tell 192.167.5.116,1
49534,979.841404,VMware_8a:5c:e6,Broadcast,ARP,60,Who has 192.167.7.68? Tell 192.167.0.1,1
49536,980.281517,VMware_8a:23:16,Broadcast,ARP,60,Who has 169.254.80.216? Tell 192.167.8.17,1
49540,980.484142,VMware_8a:a4:d6,Broadcast,ARP,60,Who has 169.254.80.216? Tell 192.167.7.151,1
49541,980.534163,VMware_8a:2c:5d,Broadcast,ARP,60,Who has 169.254.80.216? Tell 192.167.7.79,1
49544,980.69139,VMware_8a:52:a2,Broadcast,ARP,60,Who has 169.254.80.216? Tell 192.167.5.116,1
50928,982.221065,VMware_8a:85:ec,Broadcast,ARP,60,Who has 192.167.7.68? (ARP Probe),1
51261,982.438091,VMware_8a:5c:e6,Broadcast,ARP,60,Who has 192.167.7.68? Tell 192.167.0.1,1
51266,983.221258,VMware_8a:85:ec,Broadcast,ARP,60,Who has 192.167.7.68? (ARP Probe),1
51267,983.439586,VMware_8a:5c:e6,Broadcast,ARP,60,Who has 192.167.7.68? Tell 192.167.0.1,1
51272,984.221225,VMware_8a:85:ec,Broadcast,ARP,60,Who has 192.167.7.68? (ARP Probe),1
51274,984.441578,VMware_8a:5c:e6,Broadcast,ARP,60,Who has 192.167.7.68? Tell 192.167.0.1,1
51279,985.221182,VMware_8a:85:ec,Broadcast,ARP,60,ARP Announcement for 192.167.7.68,1
51717,995.762071,VMware_8a:d4:cf,VMware_8a:45:3d,ARP,60,Who has 192.167.5.113? Tell 192.167.5.114,1
51718,995.762093,VMware_8a:45:3d,VMware_8a:d4:cf,ARP,42,192.167.5.113 is at 00:50:56:8a:45:3d,0
51792,1015.02685,VMware_8a:5c:e6,VMware_8a:45:3d,ARP,60,Who has 192.167.5.113? Tell 192.167.0.1,1
51793,1015.02687,VMware_8a:45:3d,VMware_8a:5c:e6,ARP,42,192.167.5.113 is at 00:50:56:8a:45:3d,0
51800,1016.927894,VMware_8a:45:3d,VMware_8a:d4:cf,ARP,42,Who has 192.167.5.114? Tell 192.167.5.113,1
51801,1016.928676,VMware_8a:d4:cf,VMware_8a:45:3d,ARP,60,192.167.5.114 is at 00:50:56:8a:d4:cf,0
53952,1032.269133,VMware_8a:d4:cf,VMware_8a:45:3d,ARP,60,Who has 192.167.5.113? Tell 192.167.5.114,1
53953,1032.269148,VMware_8a:45:3d,VMware_8a:d4:cf,ARP,42,192.167.5.113 is at 00:50:56:8a:45:3d,0
53972,1037.077415,VMware_8a:e8:0f,Broadcast,ARP,60,Who has 192.167.8.180? Tell 192.167.7.45,1
53981,1039.788548,VMware_8a:e8:0f,Broadcast,ARP,60,Who has 192.167.8.180? Tell 192.167.7.45,1
53983,1040.591912,VMware_8a:e8:0f,Broadcast,ARP,60,Who has 192.167.8.180? Tell 192.167.7.45,1
53989,1041.585628,VMware_8a:e8:0f,Broadcast,ARP,60,Who has 192.167.8.180? Tell 192.167.7.45,1
53996,1043.346475,VMware_8a:17:7f,Broadcast,ARP,60,Who has 192.167.8.180? Tell 192.167.6.152,1
53999,1043.791908,VMware_8a:e8:0f,Broadcast,ARP,60,Who has 192.167.8.180? Tell 192.167.7.45,1
54011,1044.577472,VMware_8a:e8:0f,Broadcast,ARP,60,Who has 192.167.8.180? Tell 192.167.7.45,1
54015,1045.5878,VMware_8a:e8:0f,Broadcast,ARP,60,Who has 192.167.8.180? Tell 192.167.7.45,1
54019,1046.28853,VMware_8a:17:7f,Broadcast,ARP,60,Who has 192.167.8.180? Tell 192.167.6.152,1
54022,1046.842271,VMware_8a:17:7f,Broadcast,ARP,60,Who has 192.167.8.180? Tell 192.167.6.152,1
54024,1047.355215,VMware_8a:5c:e6,Broadcast,ARP,60,Who has 192.167.0.1? Tell 0.0.0.0,1
54027,1047.845281,VMware_8a:17:7f,Broadcast,ARP,60,Who has 192.167.8.180? Tell 192.167.6.152,1
54029,1048.355341,VMware_8a:5c:e6,Broadcast,ARP,60,Who has 192.167.0.1? Tell 0.0.0.0,1
54429,1050.296383,VMware_8a:17:7f,Broadcast,ARP,60,Who has 192.167.8.180? Tell 192.167.6.152,1
54432,1050.844892,VMware_8a:17:7f,Broadcast,ARP,60,Who has 192.167.8.180? Tell 192.167.6.152,1
54434,1051.797712,VMware_8a:e8:0f,Broadcast,ARP,60,Who has 192.167.8.180? Tell 192.167.7.45,1
54435,1051.845176,VMware_8a:17:7f,Broadcast,ARP,60,Who has 192.167.8.180? Tell 192.167.6.152,1
54439,1052.586679,VMware_8a:e8:0f,Broadcast,ARP,60,Who has 192.167.8.180? Tell 192.167.7.45,1
54458,1053.585012,VMware_8a:e8:0f,Broadcast,ARP,60,Who has 192.167.8.180? Tell 192.167.7.45,1
54474,1058.302377,VMware_8a:17:7f,Broadcast,ARP,60,Who has 192.167.8.180? Tell 192.167.6.152,1
54475,1058.851581,VMware_8a:17:7f,Broadcast,ARP,60,Who has 192.167.8.180? Tell 192.167.6.152,1
54479,1059.850499,VMware_8a:17:7f,Broadcast,ARP,60,Who has 192.167.8.180? Tell 192.167.6.152,1
54499,1064.031976,VMware_8a:45:3d,VMware_8a:d4:cf,ARP,42,Who has 192.167.5.114? Tell 192.167.5.113,1
54500,1064.032688,VMware_8a:d4:cf,VMware_8a:45:3d,ARP,60,192.167.5.114 is at 00:50:56:8a:d4:cf,0
54506,1064.946404,VMware_8a:5c:e6,VMware_8a:45:3d,ARP,60,Who has 192.167.5.113? Tell 192.167.0.1,1
54507,1064.946417,VMware_8a:45:3d,VMware_8a:5c:e6,ARP,42,192.167.5.113 is at 00:50:56:8a:45:3d,0
54992,1080.755021,VMware_8a:d4:cf,VMware_8a:45:3d,ARP,60,Who has 192.167.5.113? Tell 192.167.5.114,1
54993,1080.755044,VMware_8a:45:3d,VMware_8a:d4:cf,ARP,42,192.167.5.113 is at 00:50:56:8a:45:3d,0
56617,1088.818218,VMware_8a:5c:e6,VMware_8a:45:3d,ARP,60,Who has 192.167.5.113? Tell 192.167.0.1,1
56618,1088.81824,VMware_8a:45:3d,VMware_8a:5c:e6,ARP,42,192.167.5.113 is at 00:50:56:8a:45:3d,0
57117,1110.623907,VMware_8a:45:3d,VMware_8a:d4:cf,ARP,42,Who has 192.167.5.114? Tell 192.167.5.113,1
57118,1110.624562,VMware_8a:d4:cf,VMware_8a:45:3d,ARP,60,192.167.5.114 is at 00:50:56:8a:d4:cf,0
57131,1114.001959,VMware_8a:5c:e6,VMware_8a:45:3d,ARP,60,Who has 192.167.5.113? Tell 192.167.0.1,1
57132,1114.001974,VMware_8a:45:3d,VMware_8a:5c:e6,ARP,42,192.167.5.113 is at 00:50:56:8a:45:3d,0
57277,1129.264398,VMware_8a:d4:cf,VMware_8a:45:3d,ARP,60,Who has 192.167.5.113? Tell 192.167.5.114,1
57278,1129.264416,VMware_8a:45:3d,VMware_8a:d4:cf,ARP,42,192.167.5.113 is at 00:50:56:8a:45:3d,0
59099,1142.929642,VMware_8a:5c:e6,VMware_8a:45:3d,ARP,60,Who has 192.167.5.113? Tell 192.167.0.1,1
59100,1142.929659,VMware_8a:45:3d,VMware_8a:5c:e6,ARP,42,192.167.5.113 is at 00:50:56:8a:45:3d,0
59104,1143.907966,VMware_8a:45:3d,VMware_8a:d4:cf,ARP,42,Who has 192.167.5.114? Tell 192.167.5.113,1
59105,1143.908391,VMware_8a:d4:cf,VMware_8a:45:3d,ARP,60,192.167.5.114 is at 00:50:56:8a:d4:cf,0
59198,1168.881559,VMware_8a:5c:e6,VMware_8a:45:3d,ARP,60,Who has 192.167.5.113? Tell 192.167.0.1,1
59199,1168.881584,VMware_8a:45:3d,VMware_8a:5c:e6,ARP,42,192.167.5.113 is at 00:50:56:8a:45:3d,0
59652,1177.25413,VMware_8a:d4:cf,VMware_8a:45:3d,ARP,60,Who has 192.167.5.113? Tell 192.167.5.114,1
59653,1177.254153,VMware_8a:45:3d,VMware_8a:d4:cf,ARP,42,192.167.5.113 is at 00:50:56:8a:45:3d,0
59659,1178.463897,VMware_8a:45:3d,VMware_8a:d4:cf,ARP,42,Who has 192.167.5.114? Tell 192.167.5.113,1
59660,1178.464505,VMware_8a:d4:cf,VMware_8a:45:3d,ARP,60,192.167.5.114 is at 00:50:56:8a:d4:cf,0
61167,1197.441323,VMware_8a:5c:e6,VMware_8a:45:3d,ARP,60,Who has 192.167.5.113? Tell 192.167.0.1,1
61168,1197.441347,VMware_8a:45:3d,VMware_8a:5c:e6,ARP,42,192.167.5.113 is at 00:50:56:8a:45:3d,0
61693,1213.791973,VMware_8a:45:3d,VMware_8a:d4:cf,ARP,42,Who has 192.167.5.114? Tell 192.167.5.113,1
61696,1213.792946,VMware_8a:d4:cf,VMware_8a:45:3d,ARP,60,192.167.5.114 is at 00:50:56:8a:d4:cf,0
63163,1222.193012,VMware_8a:5c:e6,VMware_8a:45:3d,ARP,60,Who has 192.167.5.113? Tell 192.167.0.1,1
63164,1222.193036,VMware_8a:45:3d,VMware_8a:5c:e6,ARP,42,192.167.5.113 is at 00:50:56:8a:45:3d,0
63174,1225.754429,VMware_8a:d4:cf,VMware_8a:45:3d,ARP,60,Who has 192.167.5.113? Tell 192.167.5.114,1
63175,1225.75445,VMware_8a:45:3d,VMware_8a:d4:cf,ARP,42,192.167.5.113 is at 00:50:56:8a:45:3d,0
63184,1227.37658,VMware_8a:5c:e6,Broadcast,ARP,60,Who has 192.167.0.1? Tell 0.0.0.0,1
63188,1228.376769,VMware_8a:5c:e6,Broadcast,ARP,60,Who has 192.167.0.1? Tell 0.0.0.0,1
63663,1248.099887,VMware_8a:45:3d,VMware_8a:d4:cf,ARP,42,Who has 192.167.5.114? Tell 192.167.5.113,1
63664,1248.100503,VMware_8a:d4:cf,VMware_8a:45:3d,ARP,60,192.167.5.114 is at 00:50:56:8a:d4:cf,0
63690,1248.880867,VMware_8a:5c:e6,VMware_8a:45:3d,ARP,60,Who has 192.167.5.113? Tell 192.167.0.1,1
63691,1248.880881,VMware_8a:45:3d,VMware_8a:5c:e6,ARP,42,192.167.5.113 is at 00:50:56:8a:45:3d,0
65803,1263.56528,VMware_8a:5c:e6,Broadcast,ARP,60,Who has 192.167.8.186? Tell 192.167.0.1,1
65804,1263.7976,VMware_8a:9a:e5,Broadcast,ARP,60,Who has 169.254.37.205? (ARP Probe),1
65808,1264.565183,VMware_8a:5c:e6,Broadcast,ARP,60,Who has 192.167.8.186? Tell 192.167.0.1,1
65814,1264.797681,VMware_8a:9a:e5,Broadcast,ARP,60,Who has 192.167.8.186? (ARP Probe),1
65819,1265.567137,VMware_8a:5c:e6,Broadcast,ARP,60,Who has 192.167.8.186? Tell 192.167.0.1,1
65820,1265.79748,VMware_8a:9a:e5,Broadcast,ARP,60,Who has 192.167.8.186? (ARP Probe),1
65825,1266.797594,VMware_8a:9a:e5,Broadcast,ARP,60,Who has 192.167.8.186? (ARP Probe),1
65831,1267.797557,VMware_8a:9a:e5,Broadcast,ARP,60,ARP Announcement for 192.167.8.186,1
65864,1274.000642,VMware_8a:5c:e6,VMware_8a:45:3d,ARP,60,Who has 192.167.5.113? Tell 192.167.0.1,1
65865,1274.000661,VMware_8a:45:3d,VMware_8a:5c:e6,ARP,42,192.167.5.113 is at 00:50:56:8a:45:3d,0
65866,1274.253052,VMware_8a:d4:cf,VMware_8a:45:3d,ARP,60,Who has 192.167.5.113? Tell 192.167.5.114,1
65867,1274.253075,VMware_8a:45:3d,VMware_8a:d4:cf,ARP,42,192.167.5.113 is at 00:50:56:8a:45:3d,0
65877,1275.090202,VMware_8a:5c:e6,Broadcast,ARP,60,Who has 192.167.8.187? Tell 192.167.0.1,1
65882,1276.089494,VMware_8a:5c:e6,Broadcast,ARP,60,Who has 192.167.8.187? Tell 192.167.0.1,1
65888,1277.090622,VMware_8a:5c:e6,Broadcast,ARP,60,Who has 192.167.8.187? Tell 192.167.0.1,1
65915,1282.911896,VMware_8a:45:3d,VMware_8a:d4:cf,ARP,42,Who has 192.167.5.114? Tell 192.167.5.113,1
65916,1282.912441,VMware_8a:d4:cf,VMware_8a:45:3d,ARP,60,192.167.5.114 is at 00:50:56:8a:d4:cf,0
65949,1289.88053,VMware_8a:5c:e6,Broadcast,ARP,60,Who has 192.167.8.188? Tell 192.167.0.1,1
65957,1290.880828,VMware_8a:5c:e6,Broadcast,ARP,60,Who has 192.167.8.188? Tell 192.167.0.1,1
65967,1291.30141,VMware_8a:c1:b8,Broadcast,ARP,60,Who has 192.167.8.188? (ARP Probe),1
65977,1291.883077,VMware_8a:5c:e6,Broadcast,ARP,60,Who has 192.167.8.188? Tell 192.167.0.1,1
65980,1292.303745,VMware_8a:c1:b8,Broadcast,ARP,60,Who has 192.167.8.188? (ARP Probe),1
65992,1293.303775,VMware_8a:c1:b8,Broadcast,ARP,60,Who has 192.167.8.188? (ARP Probe),1
65998,1294.303698,VMware_8a:c1:b8,Broadcast,ARP,60,ARP Announcement for 192.167.8.188,1
146854,1304.000296,VMware_8a:5c:e6,VMware_8a:45:3d,ARP,60,Who has 192.167.5.113? Tell 192.167.0.1,1
146855,1304.000306,VMware_8a:45:3d,VMware_8a:5c:e6,ARP,42,192.167.5.113 is at 00:50:56:8a:45:3d,0
306779,1317.983894,VMware_8a:45:3d,VMware_8a:d4:cf,ARP,42,Who has 192.167.5.114? Tell 192.167.5.113,1
306783,1317.984582,VMware_8a:d4:cf,VMware_8a:45:3d,ARP,60,192.167.5.114 is at 00:50:56:8a:d4:cf,0
363810,1322.763568,VMware_8a:d4:cf,VMware_8a:45:3d,ARP,60,Who has 192.167.5.113? Tell 192.167.5.114,1
363811,1322.76358,VMware_8a:45:3d,VMware_8a:d4:cf,ARP,42,192.167.5.113 is at 00:50:56:8a:45:3d,0
417579,1348.592085,VMware_8a:5c:e6,VMware_8a:45:3d,ARP,60,Who has 192.167.5.113? Tell 192.167.0.1,1
417580,1348.592101,VMware_8a:45:3d,VMware_8a:5c:e6,ARP,42,192.167.5.113 is at 00:50:56:8a:45:3d,0
417591,1352.287886,VMware_8a:45:3d,VMware_8a:d4:cf,ARP,42,Who has 192.167.5.114? Tell 192.167.5.113,1
417592,1352.288434,VMware_8a:d4:cf,VMware_8a:45:3d,ARP,60,192.167.5.114 is at 00:50:56:8a:d4:cf,0
418190,1365.963983,VMware_8a:f2:5b,Broadcast,ARP,60,Who has 192.167.6.50? (ARP Probe),1
418693,1366.963826,VMware_8a:f2:5b,Broadcast,ARP,60,Who has 192.167.6.50? (ARP Probe),1
420468,1367.963682,VMware_8a:f2:5b,Broadcast,ARP,60,Who has 192.167.6.50? (ARP Probe),1
421188,1368.969755,VMware_8a:f2:5b,Broadcast,ARP,60,ARP Announcement for 192.167.6.50,1
425687,1371.261109,VMware_8a:d4:cf,VMware_8a:45:3d,ARP,60,Who has 192.167.5.113? Tell 192.167.5.114,1
425688,1371.261123,VMware_8a:45:3d,VMware_8a:d4:cf,ARP,42,192.167.5.113 is at 00:50:56:8a:45:3d,0
430567,1385.823963,VMware_8a:45:3d,VMware_8a:d4:cf,ARP,42,Who has 192.167.5.114? Tell 192.167.5.113,1
430568,1385.824613,VMware_8a:d4:cf,VMware_8a:45:3d,ARP,60,192.167.5.114 is at 00:50:56:8a:d4:cf,0
431218,1390.831558,VMware_8a:5c:e6,VMware_8a:45:3d,ARP,60,Who has 192.167.5.113? Tell 192.167.0.1,1
431219,1390.831567,VMware_8a:45:3d,VMware_8a:5c:e6,ARP,42,192.167.5.113 is at 00:50:56:8a:45:3d,0
434684,1409.399351,VMware_8a:5c:e6,Broadcast,ARP,60,Who has 192.167.0.1? Tell 0.0.0.0,1
434703,1410.399534,VMware_8a:5c:e6,Broadcast,ARP,60,Who has 192.167.0.1? Tell 0.0.0.0,1
435095,1419.262058,VMware_8a:d4:cf,VMware_8a:45:3d,ARP,60,Who has 192.167.5.113? Tell 192.167.5.114,1
435096,1419.262073,VMware_8a:45:3d,VMware_8a:d4:cf,ARP,42,192.167.5.113 is at 00:50:56:8a:45:3d,0
435102,1420.127884,VMware_8a:45:3d,VMware_8a:d4:cf,ARP,42,Who has 192.167.5.114? Tell 192.167.5.113,1
435104,1420.128704,VMware_8a:d4:cf,VMware_8a:45:3d,ARP,60,192.167.5.114 is at 00:50:56:8a:d4:cf,0
436375,1432.84717,VMware_8a:5c:e6,VMware_8a:45:3d,ARP,60,Who has 192.167.5.113? Tell 192.167.0.1,1
436376,1432.847186,VMware_8a:45:3d,VMware_8a:5c:e6,ARP,42,192.167.5.113 is at 00:50:56:8a:45:3d,0
436444,1442.579588,VMware_8a:e8:0f,Broadcast,ARP,60,Who has 192.167.8.180? Tell 192.167.7.45,1
436456,1445.382208,VMware_8a:e8:0f,Broadcast,ARP,60,Who has 192.167.8.180? Tell 192.167.7.45,1
436460,1446.076139,VMware_8a:e8:0f,Broadcast,ARP,60,Who has 192.167.8.180? Tell 192.167.7.45,1
436464,1447.08895,VMware_8a:e8:0f,Broadcast,ARP,60,Who has 192.167.8.180? Tell 192.167.7.45,1
436471,1449.381615,VMware_8a:e8:0f,Broadcast,ARP,60,Who has 192.167.8.180? Tell 192.167.7.45,1
436487,1450.083659,VMware_8a:e8:0f,Broadcast,ARP,60,Who has 192.167.8.180? Tell 192.167.7.45,1
436495,1451.079863,VMware_8a:e8:0f,Broadcast,ARP,60,Who has 192.167.8.180? Tell 192.167.7.45,1
436503,1452.639885,VMware_8a:45:3d,VMware_8a:d4:cf,ARP,42,Who has 192.167.5.114? Tell 192.167.5.113,1
436504,1452.640468,VMware_8a:d4:cf,VMware_8a:45:3d,ARP,60,192.167.5.114 is at 00:50:56:8a:d4:cf,0
436524,1457.385561,VMware_8a:e8:0f,Broadcast,ARP,60,Who has 192.167.8.180? Tell 192.167.7.45,1
436639,1458.073476,VMware_8a:e8:0f,Broadcast,ARP,60,Who has 192.167.8.180? Tell 192.167.7.45,1
436886,1459.088182,VMware_8a:e8:0f,Broadcast,ARP,60,Who has 192.167.8.180? Tell 192.167.7.45,1
437184,1467.754698,VMware_8a:d4:cf,VMware_8a:45:3d,ARP,60,Who has 192.167.5.113? Tell 192.167.5.114,1
437185,1467.754713,VMware_8a:45:3d,VMware_8a:d4:cf,ARP,42,192.167.5.113 is at 00:50:56:8a:45:3d,0
439221,1474.670799,VMware_8a:5c:e6,VMware_8a:45:3d,ARP,60,Who has 192.167.5.113? Tell 192.167.0.1,1
439222,1474.67082,VMware_8a:45:3d,VMware_8a:5c:e6,ARP,42,192.167.5.113 is at 00:50:56:8a:45:3d,0
439482,1486.175977,VMware_8a:45:3d,VMware_8a:d4:cf,ARP,42,Who has 192.167.5.114? Tell 192.167.5.113,1
439483,1486.17647,VMware_8a:d4:cf,VMware_8a:45:3d,ARP,60,192.167.5.114 is at 00:50:56:8a:d4:cf,0
439503,1491.77697,VMware_8a:9a:e5,Broadcast,ARP,60,Who has 192.167.8.180? Tell 192.167.8.186,1
439513,1492.291395,VMware_8a:9a:e5,Broadcast,ARP,60,Who has 192.167.8.180? Tell 192.167.8.186,1
439537,1493.291177,VMware_8a:9a:e5,Broadcast,ARP,60,Who has 192.167.8.180? Tell 192.167.8.186,1
439554,1494.775634,VMware_8a:9a:e5,Broadcast,ARP,60,Who has 192.167.8.180? Tell 192.167.8.186,1
439560,1495.291246,VMware_8a:9a:e5,Broadcast,ARP,60,Who has 192.167.8.180? Tell 192.167.8.186,1
439564,1496.291208,VMware_8a:9a:e5,Broadcast,ARP,60,Who has 192.167.8.180? Tell 192.167.8.186,1
439601,1498.775582,VMware_8a:9a:e5,Broadcast,ARP,60,Who has 192.167.8.180? Tell 192.167.8.186,1
439605,1499.291235,VMware_8a:9a:e5,Broadcast,ARP,60,Who has 192.167.8.180? Tell 192.167.8.186,1
440271,1500.291173,VMware_8a:9a:e5,Broadcast,ARP,60,Who has 192.167.8.180? Tell 192.167.8.186,1
441738,1506.791526,VMware_8a:9a:e5,Broadcast,ARP,60,Who has 192.167.8.180? Tell 192.167.8.186,1
441752,1507.791414,VMware_8a:9a:e5,Broadcast,ARP,60,Who has 192.167.8.180? Tell 192.167.8.186,1
441758,1508.791449,VMware_8a:9a:e5,Broadcast,ARP,60,Who has 192.167.8.180? Tell 192.167.8.186,1
441834,1516.25119,VMware_8a:d4:cf,VMware_8a:45:3d,ARP,60,Who has 192.167.5.113? Tell 192.167.5.114,1
441835,1516.251207,VMware_8a:45:3d,VMware_8a:d4:cf,ARP,42,192.167.5.113 is at 00:50:56:8a:45:3d,0
441838,1516.782527,VMware_8a:5c:e6,VMware_8a:45:3d,ARP,60,Who has 192.167.5.113? Tell 192.167.0.1,1
441839,1516.782543,VMware_8a:45:3d,VMware_8a:5c:e6,ARP,42,192.167.5.113 is at 00:50:56:8a:45:3d,0
441858,1520.479891,VMware_8a:45:3d,VMware_8a:d4:cf,ARP,42,Who has 192.167.5.114? Tell 192.167.5.113,1
441859,1520.480608,VMware_8a:d4:cf,VMware_8a:45:3d,ARP,60,192.167.5.114 is at 00:50:56:8a:d4:cf,0
441945,1530.354224,VMware_8a:9a:e5,Broadcast,ARP,60,Who has 192.167.8.180? Tell 192.167.8.186,1
441951,1531.291434,VMware_8a:9a:e5,Broadcast,ARP,60,Who has 192.167.8.180? Tell 192.167.8.186,1
442425,1532.29115,VMware_8a:9a:e5,Broadcast,ARP,60,Who has 192.167.8.180? Tell 192.167.8.186,1
442858,1533.385205,VMware_8a:9a:e5,Broadcast,ARP,60,Who has 192.167.8.180? Tell 192.167.8.186,1
442864,1534.291248,VMware_8a:9a:e5,Broadcast,ARP,60,Who has 192.167.8.180? Tell 192.167.8.186,1
443396,1535.291171,VMware_8a:9a:e5,Broadcast,ARP,60,Who has 192.167.8.180? Tell 192.167.8.186,1
443417,1537.385163,VMware_8a:9a:e5,Broadcast,ARP,60,Who has 192.167.8.180? Tell 192.167.8.186,1
443663,1538.291307,VMware_8a:9a:e5,Broadcast,ARP,60,Who has 192.167.8.180? Tell 192.167.8.186,1
443669,1539.291427,VMware_8a:9a:e5,Broadcast,ARP,60,Who has 192.167.8.180? Tell 192.167.8.186,1
444664,1545.400875,VMware_8a:9a:e5,Broadcast,ARP,60,Who has 192.167.8.180? Tell 192.167.8.186,1
444681,1546.291416,VMware_8a:9a:e5,Broadcast,ARP,60,Who has 192.167.8.180? Tell 192.167.8.186,1
444687,1547.291372,VMware_8a:9a:e5,Broadcast,ARP,60,Who has 192.167.8.180? Tell 192.167.8.186,1
445060,1552.991899,VMware_8a:45:3d,VMware_8a:d4:cf,ARP,42,Who has 192.167.5.114? Tell 192.167.5.113,1
445061,1552.992555,VMware_8a:d4:cf,VMware_8a:45:3d,ARP,60,192.167.5.114 is at 00:50:56:8a:d4:cf,0
445101,1559.29429,VMware_8a:5c:e6,VMware_8a:45:3d,ARP,60,Who has 192.167.5.113? Tell 192.167.0.1,1
445102,1559.294305,VMware_8a:45:3d,VMware_8a:5c:e6,ARP,42,192.167.5.113 is at 00:50:56:8a:45:3d,0
446230,1562.598113,VMware_8a:9a:52,Broadcast,ARP,60,Who has 192.167.6.127? (ARP Probe),1
446602,1563.598027,VMware_8a:9a:52,Broadcast,ARP,60,Who has 192.167.6.127? (ARP Probe),1
446609,1564.3918,VMware_8a:17:7f,Broadcast,ARP,60,Who has 192.167.6.127? Tell 192.167.6.152,1
446610,1564.392895,VMware_8a:d9:66,Broadcast,ARP,60,Who has 192.167.6.127? Tell 192.167.7.154,1
446611,1564.393697,VMware_8a:f2:5b,Broadcast,ARP,60,Who has 192.167.6.127? Tell 192.167.6.50,1
446612,1564.393763,VMware_8a:52:a2,Broadcast,ARP,60,Who has 192.167.6.127? Tell 192.167.5.116,1
446613,1564.394166,VMware_8a:d3:ca,Broadcast,ARP,60,Who has 192.167.6.127? Tell 192.167.8.43,1
446614,1564.394536,VMware_8a:8b:af,Broadcast,ARP,60,Who has 192.167.6.127? Tell 192.167.7.118,1
446617,1564.59785,VMware_8a:9a:52,Broadcast,ARP,60,Who has 192.167.6.127? (ARP Probe),1
446618,1564.750416,VMware_8a:d4:cf,VMware_8a:45:3d,ARP,60,Who has 192.167.5.113? Tell 192.167.5.114,1
446619,1564.750432,VMware_8a:45:3d,VMware_8a:d4:cf,ARP,42,192.167.5.113 is at 00:50:56:8a:45:3d,0
446624,1565.597933,VMware_8a:9a:52,Broadcast,ARP,60,ARP Announcement for 192.167.6.127,1
446660,1570.817329,VMware_8a:9a:e5,Broadcast,ARP,60,Who has 192.167.8.180? Tell 192.167.8.186,1
446673,1571.791535,VMware_8a:9a:e5,Broadcast,ARP,60,Who has 192.167.8.180? Tell 192.167.8.186,1
446685,1572.791558,VMware_8a:9a:e5,Broadcast,ARP,60,Who has 192.167.8.180? Tell 192.167.8.186,1
446703,1573.807272,VMware_8a:9a:e5,Broadcast,ARP,60,Who has 192.167.8.180? Tell 192.167.8.186,1
446712,1574.791488,VMware_8a:9a:e5,Broadcast,ARP,60,Who has 192.167.8.180? Tell 192.167.8.186,1
446717,1575.791516,VMware_8a:9a:e5,Broadcast,ARP,60,Who has 192.167.8.180? Tell 192.167.8.186,1
447078,1577.807224,VMware_8a:9a:e5,Broadcast,ARP,60,Who has 192.167.8.180? Tell 192.167.8.186,1
448272,1578.791478,VMware_8a:9a:e5,Broadcast,ARP,60,Who has 192.167.8.180? Tell 192.167.8.186,1
448277,1579.791397,VMware_8a:9a:e5,Broadcast,ARP,60,Who has 192.167.8.180? Tell 192.167.8.186,1
448314,1585.807432,VMware_8a:9a:e5,Broadcast,ARP,60,Who has 192.167.8.180? Tell 192.167.8.186,1
448321,1586.015888,VMware_8a:45:3d,VMware_8a:d4:cf,ARP,42,Who has 192.167.5.114? Tell 192.167.5.113,1
448322,1586.016512,VMware_8a:d4:cf,VMware_8a:45:3d,ARP,60,192.167.5.114 is at 00:50:56:8a:d4:cf,0
448325,1586.791646,VMware_8a:9a:e5,Broadcast,ARP,60,Who has 192.167.8.180? Tell 192.167.8.186,1
448335,1587.791686,VMware_8a:9a:e5,Broadcast,ARP,60,Who has 192.167.8.180? Tell 192.167.8.186,1
448354,1591.425888,VMware_8a:5c:e6,Broadcast,ARP,60,Who has 192.167.0.1? Tell 0.0.0.0,1
448355,1591.503761,VMware_8a:68:c8,Broadcast,ARP,60,Who has 192.167.8.180? Tell 192.167.6.145,1
448361,1592.427302,VMware_8a:5c:e6,Broadcast,ARP,60,Who has 192.167.0.1? Tell 0.0.0.0,1
448772,1594.094815,VMware_8a:68:c8,Broadcast,ARP,60,Who has 192.167.8.180? Tell 192.167.6.145,1
448776,1594.998563,VMware_8a:68:c8,Broadcast,ARP,60,Who has 192.167.8.180? Tell 192.167.6.145,1
448781,1595.988347,VMware_8a:68:c8,Broadcast,ARP,60,Who has 192.167.8.180? Tell 192.167.6.145,1
449919,1598.110465,VMware_8a:68:c8,Broadcast,ARP,60,Who has 192.167.8.180? Tell 192.167.6.145,1
449923,1599.003646,VMware_8a:68:c8,Broadcast,ARP,60,Who has 192.167.8.180? Tell 192.167.6.145,1
449926,1599.988319,VMware_8a:68:c8,Broadcast,ARP,60,Who has 192.167.8.180? Tell 192.167.6.145,1
449939,1602.509734,VMware_8a:5c:e6,VMware_8a:45:3d,ARP,60,Who has 192.167.5.113? Tell 192.167.0.1,1
449940,1602.509752,VMware_8a:45:3d,VMware_8a:5c:e6,ARP,42,192.167.5.113 is at 00:50:56:8a:45:3d,0
449965,1606.110573,VMware_8a:68:c8,Broadcast,ARP,60,Who has 192.167.8.180? Tell 192.167.6.145,1
449968,1606.998613,VMware_8a:68:c8,Broadcast,ARP,60,Who has 192.167.8.180? Tell 192.167.6.145,1
450318,1607.99078,VMware_8a:68:c8,Broadcast,ARP,60,Who has 192.167.8.180? Tell 192.167.6.145,1
450329,1611.107189,VMware_8a:9a:e5,Broadcast,ARP,60,Who has 192.167.8.180? Tell 192.167.8.186,1
450332,1611.79163,VMware_8a:9a:e5,Broadcast,ARP,60,Who has 192.167.8.180? Tell 192.167.8.186,1
450344,1612.791701,VMware_8a:9a:e5,Broadcast,ARP,60,Who has 192.167.8.180? Tell 192.167.8.186,1
450348,1613.257154,VMware_8a:d4:cf,VMware_8a:45:3d,ARP,60,Who has 192.167.5.113? Tell 192.167.5.114,1
450349,1613.257171,VMware_8a:45:3d,VMware_8a:d4:cf,ARP,42,192.167.5.113 is at 00:50:56:8a:45:3d,0
450353,1614.119715,VMware_8a:9a:e5,Broadcast,ARP,60,Who has 192.167.8.180? Tell 192.167.8.186,1
450354,1614.791725,VMware_8a:9a:e5,Broadcast,ARP,60,Who has 192.167.8.180? Tell 192.167.8.186,1
451570,1615.791691,VMware_8a:9a:e5,Broadcast,ARP,60,Who has 192.167.8.180? Tell 192.167.8.186,1
451590,1618.135513,VMware_8a:9a:e5,Broadcast,ARP,60,Who has 192.167.8.180? Tell 192.167.8.186,1
451595,1618.791704,VMware_8a:9a:e5,Broadcast,ARP,60,Who has 192.167.8.180? Tell 192.167.8.186,1
451599,1619.039893,VMware_8a:45:3d,VMware_8a:d4:cf,ARP,42,Who has 192.167.5.114? Tell 192.167.5.113,1
451600,1619.040478,VMware_8a:d4:cf,VMware_8a:45:3d,ARP,60,192.167.5.114 is at 00:50:56:8a:d4:cf,0
451601,1619.791706,VMware_8a:9a:e5,Broadcast,ARP,60,Who has 192.167.8.180? Tell 192.167.8.186,1
452025,1626.151139,VMware_8a:9a:e5,Broadcast,ARP,60,Who has 192.167.8.180? Tell 192.167.8.186,1
452026,1626.791808,VMware_8a:9a:e5,Broadcast,ARP,60,Who has 192.167.8.180? Tell 192.167.8.186,1
452030,1627.791638,VMware_8a:9a:e5,Broadcast,ARP,60,Who has 192.167.8.180? Tell 192.167.8.186,1
453708,1648.013488,VMware_8a:5c:e6,VMware_8a:45:3d,ARP,60,Who has 192.167.5.113? Tell 192.167.0.1,1
453709,1648.013502,VMware_8a:45:3d,VMware_8a:5c:e6,ARP,42,192.167.5.113 is at 00:50:56:8a:45:3d,0
453724,1651.580008,VMware_8a:9a:e5,Broadcast,ARP,60,Who has 192.167.8.180? Tell 192.167.8.186,1
453740,1652.291751,VMware_8a:9a:e5,Broadcast,ARP,60,Who has 192.167.8.180? Tell 192.167.8.186,1
453744,1653.29169,VMware_8a:9a:e5,Broadcast,ARP,60,Who has 192.167.8.180? Tell 192.167.8.186,1
453745,1653.343888,VMware_8a:45:3d,VMware_8a:d4:cf,ARP,42,Who has 192.167.5.114? Tell 192.167.5.113,1
453746,1653.344427,VMware_8a:d4:cf,VMware_8a:45:3d,ARP,60,192.167.5.114 is at 00:50:56:8a:d4:cf,0
453750,1654.588533,VMware_8a:9a:e5,Broadcast,ARP,60,Who has 192.167.8.180? Tell 192.167.8.186,1
453752,1655.291622,VMware_8a:9a:e5,Broadcast,ARP,60,Who has 192.167.8.180? Tell 192.167.8.186,1
453756,1656.29175,VMware_8a:9a:e5,Broadcast,ARP,60,Who has 192.167.8.180? Tell 192.167.8.186,1
453768,1658.588908,VMware_8a:9a:e5,Broadcast,ARP,60,Who has 192.167.8.180? Tell 192.167.8.186,1
453770,1659.291672,VMware_8a:9a:e5,Broadcast,ARP,60,Who has 192.167.8.180? Tell 192.167.8.186,1
453774,1660.29186,VMware_8a:9a:e5,Broadcast,ARP,60,Who has 192.167.8.180? Tell 192.167.8.186,1
453778,1661.262482,VMware_8a:d4:cf,VMware_8a:45:3d,ARP,60,Who has 192.167.5.113? Tell 192.167.5.114,1
453779,1661.262499,VMware_8a:45:3d,VMware_8a:d4:cf,ARP,42,192.167.5.113 is at 00:50:56:8a:45:3d,0
453799,1662.291736,VMware_8a:9a:e5,Broadcast,ARP,60,Who has 192.167.8.186? (ARP Probe),1
453815,1663.291852,VMware_8a:9a:e5,Broadcast,ARP,60,Who has 192.167.8.186? (ARP Probe),1
453822,1664.291837,VMware_8a:9a:e5,Broadcast,ARP,60,Who has 192.167.8.186? (ARP Probe),1
453829,1665.291639,VMware_8a:9a:e5,Broadcast,ARP,60,ARP Announcement for 192.167.8.186,1
453960,1686.11189,VMware_8a:45:3d,VMware_8a:d4:cf,ARP,42,Who has 192.167.5.114? Tell 192.167.5.113,1
453961,1686.11267,VMware_8a:d4:cf,VMware_8a:45:3d,ARP,60,192.167.5.114 is at 00:50:56:8a:d4:cf,0
454003,1693.692752,VMware_8a:5c:e6,VMware_8a:45:3d,ARP,60,Who has 192.167.5.113? Tell 192.167.0.1,1
454004,1693.692769,VMware_8a:45:3d,VMware_8a:5c:e6,ARP,42,192.167.5.113 is at 00:50:56:8a:45:3d,0
454076,1709.755202,VMware_8a:d4:cf,VMware_8a:45:3d,ARP,60,Who has 192.167.5.113? Tell 192.167.5.114,1
454077,1709.755226,VMware_8a:45:3d,VMware_8a:d4:cf,ARP,42,192.167.5.113 is at 00:50:56:8a:45:3d,0
454126,1719.135886,VMware_8a:45:3d,VMware_8a:d4:cf,ARP,42,Who has 192.167.5.114? Tell 192.167.5.113,1
454127,1719.136466,VMware_8a:d4:cf,VMware_8a:45:3d,ARP,60,192.167.5.114 is at 00:50:56:8a:d4:cf,0
454185,1732.053968,VMware_8a:9a:e5,Broadcast,ARP,60,Who has 192.167.8.180? Tell 192.167.8.186,1
454196,1732.792068,VMware_8a:9a:e5,Broadcast,ARP,60,Who has 192.167.8.180? Tell 192.167.8.186,1
454200,1733.791909,VMware_8a:9a:e5,Broadcast,ARP,60,Who has 192.167.8.180? Tell 192.167.8.186,1
454205,1735.21571,VMware_8a:9a:e5,Broadcast,ARP,60,Who has 192.167.8.180? Tell 192.167.8.186,1
454208,1735.792021,VMware_8a:9a:e5,Broadcast,ARP,60,Who has 192.167.8.180? Tell 192.167.8.186,1
454212,1736.7961,VMware_8a:9a:e5,Broadcast,ARP,60,Who has 192.167.8.180? Tell 192.167.8.186,1
454214,1737.132474,VMware_8a:5c:e6,VMware_8a:45:3d,ARP,60,Who has 192.167.5.113? Tell 192.167.0.1,1
454215,1737.132491,VMware_8a:45:3d,VMware_8a:5c:e6,ARP,42,192.167.5.113 is at 00:50:56:8a:45:3d,0
454222,1739.291991,VMware_8a:9a:e5,Broadcast,ARP,60,Who has 192.167.8.180? Tell 192.167.8.186,1
454228,1740.292177,VMware_8a:9a:e5,Broadcast,ARP,60,Who has 192.167.8.180? Tell 192.167.8.186,1
454232,1741.292064,VMware_8a:9a:e5,Broadcast,ARP,60,Who has 192.167.8.180? Tell 192.167.8.186,1
454251,1747.30776,VMware_8a:9a:e5,Broadcast,ARP,60,Who has 192.167.8.180? Tell 192.167.8.186,1
454255,1748.292043,VMware_8a:9a:e5,Broadcast,ARP,60,Who has 192.167.8.180? Tell 192.167.8.186,1
454259,1749.292182,VMware_8a:9a:e5,Broadcast,ARP,60,Who has 192.167.8.180? Tell 192.167.8.186,1
454264,1750.111889,VMware_8a:45:3d,VMware_8a:d4:cf,ARP,42,Who has 192.167.5.114? Tell 192.167.5.113,1
454265,1750.112483,VMware_8a:d4:cf,VMware_8a:45:3d,ARP,60,192.167.5.114 is at 00:50:56:8a:d4:cf,0
454305,1758.261285,VMware_8a:d4:cf,VMware_8a:45:3d,ARP,60,Who has 192.167.5.113? Tell 192.167.5.114,1
454306,1758.261301,VMware_8a:45:3d,VMware_8a:d4:cf,ARP,42,192.167.5.113 is at 00:50:56:8a:45:3d,0
454317,1759.949187,VMware_8a:d9:66,Broadcast,ARP,60,Who has 192.167.5.169? Tell 192.167.7.154,1
454318,1759.949509,VMware_8a:43:04,Broadcast,ARP,60,Who has 192.167.5.169? Tell 192.167.7.63,1
454319,1759.949803,VMware_8a:f2:5b,Broadcast,ARP,60,Who has 192.167.5.169? Tell 192.167.6.50,1
454320,1759.94986,VMware_8a:d3:ca,Broadcast,ARP,60,Who has 192.167.5.169? Tell 192.167.8.43,1
454321,1759.950092,VMware_8a:2c:5d,Broadcast,ARP,60,Who has 192.167.5.169? Tell 192.167.7.79,1
454322,1759.950254,VMware_8a:8b:af,Broadcast,ARP,60,Who has 192.167.5.169? Tell 192.167.7.118,1
454323,1759.95036,VMware_8a:23:16,Broadcast,ARP,60,Who has 192.167.5.169? Tell 192.167.8.17,1
454325,1760.238772,VMware_8a:38:b7,Broadcast,ARP,60,Who has 192.167.5.169? (ARP Probe),1
454333,1761.238806,VMware_8a:38:b7,Broadcast,ARP,60,Who has 192.167.5.169? (ARP Probe),1
454339,1762.244346,VMware_8a:38:b7,Broadcast,ARP,60,Who has 192.167.5.169? (ARP Probe),1
454344,1763.244306,VMware_8a:38:b7,Broadcast,ARP,60,ARP Announcement for 192.167.5.169,1
456364,1769.330626,VMware_8a:f2:5b,Broadcast,ARP,60,Who has 192.167.8.180? Tell 192.167.6.50,1
456367,1769.96776,VMware_8a:f2:5b,Broadcast,ARP,60,Who has 192.167.8.180? Tell 192.167.6.50,1
456371,1770.971925,VMware_8a:f2:5b,Broadcast,ARP,60,Who has 192.167.8.180? Tell 192.167.6.50,1
456384,1772.340133,VMware_8a:f2:5b,Broadcast,ARP,60,Who has 192.167.8.180? Tell 192.167.6.50,1
456388,1772.96143,VMware_8a:f2:5b,Broadcast,ARP,60,Who has 192.167.8.180? Tell 192.167.6.50,1
456390,1773.40146,VMware_8a:5c:e6,Broadcast,ARP,60,Who has 192.167.0.1? Tell 0.0.0.0,1
456393,1773.974232,VMware_8a:f2:5b,Broadcast,ARP,60,Who has 192.167.8.180? Tell 192.167.6.50,1
456395,1774.401448,VMware_8a:5c:e6,Broadcast,ARP,60,Who has 192.167.0.1? Tell 0.0.0.0,1
456537,1776.352007,VMware_8a:f2:5b,Broadcast,ARP,60,Who has 192.167.8.180? Tell 192.167.6.50,1
456915,1776.97402,VMware_8a:f2:5b,Broadcast,ARP,60,Who has 192.167.8.180? Tell 192.167.6.50,1
457441,1777.974297,VMware_8a:f2:5b,Broadcast,ARP,60,Who has 192.167.8.180? Tell 192.167.6.50,1
457462,1779.94802,VMware_8a:5c:e6,VMware_8a:45:3d,ARP,60,Who has 192.167.5.113? Tell 192.167.0.1,1
457463,1779.948034,VMware_8a:45:3d,VMware_8a:5c:e6,ARP,42,192.167.5.113 is at 00:50:56:8a:45:3d,0
457499,1780.831963,VMware_8a:45:3d,VMware_8a:d4:cf,ARP,42,Who has 192.167.5.114? Tell 192.167.5.113,1
457500,1780.832744,VMware_8a:d4:cf,VMware_8a:45:3d,ARP,60,192.167.5.114 is at 00:50:56:8a:d4:cf,0
457590,1784.355552,VMware_8a:f2:5b,Broadcast,ARP,60,Who has 192.167.8.180? Tell 192.167.6.50,1
457606,1784.962196,VMware_8a:f2:5b,Broadcast,ARP,60,Who has 192.167.8.180? Tell 192.167.6.50,1
457622,1785.974973,VMware_8a:f2:5b,Broadcast,ARP,60,Who has 192.167.8.180? Tell 192.167.6.50,1
460163,1806.756311,VMware_8a:d4:cf,VMware_8a:45:3d,ARP,60,Who has 192.167.5.113? Tell 192.167.5.114,1
460164,1806.756332,VMware_8a:45:3d,VMware_8a:d4:cf,ARP,42,192.167.5.113 is at 00:50:56:8a:45:3d,0
460200,1811.039956,VMware_8a:45:3d,VMware_8a:d4:cf,ARP,42,Who has 192.167.5.114? Tell 192.167.5.113,1
460201,1811.040541,VMware_8a:d4:cf,VMware_8a:45:3d,ARP,60,192.167.5.114 is at 00:50:56:8a:d4:cf,0
461550,1822.715915,VMware_8a:5c:e6,VMware_8a:45:3d,ARP,60,Who has 192.167.5.113? Tell 192.167.0.1,1
461551,1822.715932,VMware_8a:45:3d,VMware_8a:5c:e6,ARP,42,192.167.5.113 is at 00:50:56:8a:45:3d,0
461989,1842.271897,VMware_8a:45:3d,VMware_8a:d4:cf,ARP,42,Who has 192.167.5.114? Tell 192.167.5.113,1
461992,1842.272768,VMware_8a:d4:cf,VMware_8a:45:3d,ARP,60,192.167.5.114 is at 00:50:56:8a:d4:cf,0
462221,1855.247702,VMware_8a:d4:cf,VMware_8a:45:3d,ARP,60,Who has 192.167.5.113? Tell 192.167.5.114,1
462222,1855.247723,VMware_8a:45:3d,VMware_8a:d4:cf,ARP,42,192.167.5.113 is at 00:50:56:8a:45:3d,0
494583,1867.339117,VMware_8a:5c:e6,VMware_8a:45:3d,ARP,60,Who has 192.167.5.113? Tell 192.167.0.1,1
494584,1867.339127,VMware_8a:45:3d,VMware_8a:5c:e6,ARP,42,192.167.5.113 is at 00:50:56:8a:45:3d,0
504266,1868.149746,VMware_8a:d6:9c,Broadcast,ARP,60,Who has 192.167.8.180? Tell 192.167.5.118,1
537975,1870.934618,VMware_8a:d6:9c,Broadcast,ARP,60,Who has 192.167.8.180? Tell 192.167.5.118,1
546691,1871.648438,VMware_8a:d6:9c,Broadcast,ARP,60,Who has 192.167.8.180? Tell 192.167.5.118,1
558887,1872.649411,VMware_8a:d6:9c,Broadcast,ARP,60,Who has 192.167.8.180? Tell 192.167.5.118,1
563139,1872.995907,VMware_8a:45:3d,VMware_8a:d4:cf,ARP,42,Who has 192.167.5.114? Tell 192.167.5.113,1
563140,1872.996535,VMware_8a:d4:cf,VMware_8a:45:3d,ARP,60,192.167.5.114 is at 00:50:56:8a:d4:cf,0
580039,1874.5223,VMware_8a:78:d8,Broadcast,ARP,60,Who has 192.167.8.24? (ARP Probe),1
585030,1874.936001,VMware_8a:d6:9c,Broadcast,ARP,60,Who has 192.167.8.180? Tell 192.167.5.118,1
592031,1875.522199,VMware_8a:78:d8,Broadcast,ARP,60,Who has 192.167.8.24? (ARP Probe),1
593287,1875.651824,VMware_8a:d6:9c,Broadcast,ARP,60,Who has 192.167.8.180? Tell 192.167.5.118,1
603713,1876.522082,VMware_8a:78:d8,Broadcast,ARP,60,Who has 192.167.8.24? (ARP Probe),1
605241,1876.650368,VMware_8a:d6:9c,Broadcast,ARP,60,Who has 192.167.8.180? Tell 192.167.5.118,1
615910,1877.522048,VMware_8a:78:d8,Broadcast,ARP,60,ARP Announcement for 192.167.8.24,1
681712,1882.939798,VMware_8a:d6:9c,Broadcast,ARP,60,Who has 192.167.8.180? Tell 192.167.5.118,1
690412,1883.648926,VMware_8a:d6:9c,Broadcast,ARP,60,Who has 192.167.8.180? Tell 192.167.5.118,1
702860,1884.648644,VMware_8a:d6:9c,Broadcast,ARP,60,Who has 192.167.8.180? Tell 192.167.5.118,1
815428,1903.247159,VMware_8a:d4:cf,VMware_8a:45:3d,ARP,60,Who has 192.167.5.113? Tell 192.167.5.114,1
815429,1903.247185,VMware_8a:45:3d,VMware_8a:d4:cf,ARP,42,192.167.5.113 is at 00:50:56:8a:45:3d,0
815431,1903.455908,VMware_8a:45:3d,VMware_8a:d4:cf,ARP,42,Who has 192.167.5.114? Tell 192.167.5.113,1
815432,1903.456657,VMware_8a:d4:cf,VMware_8a:45:3d,ARP,60,192.167.5.114 is at 00:50:56:8a:d4:cf,0
815480,1911.802862,VMware_8a:5c:e6,VMware_8a:45:3d,ARP,60,Who has 192.167.5.113? Tell 192.167.0.1,1
815481,1911.802886,VMware_8a:45:3d,VMware_8a:5c:e6,ARP,42,192.167.5.113 is at 00:50:56:8a:45:3d,0
818838,1934.175886,VMware_8a:45:3d,VMware_8a:d4:cf,ARP,42,Who has 192.167.5.114? Tell 192.167.5.113,1
818839,1934.176588,VMware_8a:d4:cf,VMware_8a:45:3d,ARP,60,192.167.5.114 is at 00:50:56:8a:d4:cf,0
819446,1947.340241,VMware_8a:5c:e6,Broadcast,ARP,60,Who has 192.167.0.1? Tell 0.0.0.0,1
819450,1948.340242,VMware_8a:5c:e6,Broadcast,ARP,60,Who has 192.167.0.1? Tell 0.0.0.0,1
820624,1948.651193,VMware_8a:d6:9c,Broadcast,ARP,60,Who has 192.167.8.180? Tell 192.167.5.118,1
820634,1951.309921,VMware_8a:d6:9c,Broadcast,ARP,60,Who has 192.167.8.180? Tell 192.167.5.118,1
820635,1951.74742,VMware_8a:d4:cf,VMware_8a:45:3d,ARP,60,Who has 192.167.5.113? Tell 192.167.5.114,1
820636,1951.747436,VMware_8a:45:3d,VMware_8a:d4:cf,ARP,42,192.167.5.113 is at 00:50:56:8a:45:3d,0
820646,1952.139621,VMware_8a:d6:9c,Broadcast,ARP,60,Who has 192.167.8.180? Tell 192.167.5.118,1
820650,1953.145647,VMware_8a:d6:9c,Broadcast,ARP,60,Who has 192.167.8.180? Tell 192.167.5.118,1
820657,1955.310499,VMware_8a:d6:9c,Broadcast,ARP,60,Who has 192.167.8.180? Tell 192.167.5.118,1
820661,1956.145399,VMware_8a:d6:9c,Broadcast,ARP,60,Who has 192.167.8.180? Tell 192.167.5.118,1
820662,1956.858632,VMware_8a:5c:e6,VMware_8a:45:3d,ARP,60,Who has 192.167.5.113? Tell 192.167.0.1,1
820663,1956.858648,VMware_8a:45:3d,VMware_8a:5c:e6,ARP,42,192.167.5.113 is at 00:50:56:8a:45:3d,0
820667,1957.149189,VMware_8a:d6:9c,Broadcast,ARP,60,Who has 192.167.8.180? Tell 192.167.5.118,1
821089,1963.317531,VMware_8a:d6:9c,Broadcast,ARP,60,Who has 192.167.8.180? Tell 192.167.5.118,1
821093,1964.145344,VMware_8a:d6:9c,Broadcast,ARP,60,Who has 192.167.8.180? Tell 192.167.5.118,1
821097,1965.142396,VMware_8a:d6:9c,Broadcast,ARP,60,Who has 192.167.8.180? Tell 192.167.5.118,1
821098,1965.155897,VMware_8a:45:3d,VMware_8a:d4:cf,ARP,42,Who has 192.167.5.114? Tell 192.167.5.113,1
821099,1965.15645,VMware_8a:d4:cf,VMware_8a:45:3d,ARP,60,192.167.5.114 is at 00:50:56:8a:d4:cf,0
824179,1988.642932,VMware_8a:d6:9c,Broadcast,ARP,60,Who has 192.167.7.25? Tell 192.167.5.118,1
824616,1990.650022,VMware_8a:5c:e6,VMware_8a:45:3d,ARP,60,Who has 192.167.5.113? Tell 192.167.0.1,1
824617,1990.650037,VMware_8a:45:3d,VMware_8a:5c:e6,ARP,42,192.167.5.113 is at 00:50:56:8a:45:3d,0
824621,1991.478563,VMware_8a:d6:9c,Broadcast,ARP,60,Who has 192.167.7.25? Tell 192.167.5.118,1
824623,1992.141543,VMware_8a:d6:9c,Broadcast,ARP,60,Who has 192.167.7.25? Tell 192.167.5.118,1
824627,1993.141278,VMware_8a:d6:9c,Broadcast,ARP,60,Who has 192.167.7.25? Tell 192.167.5.118,1
824652,1995.491776,VMware_8a:d6:9c,Broadcast,ARP,60,Who has 192.167.7.25? Tell 192.167.5.118,1
824653,1995.615885,VMware_8a:45:3d,VMware_8a:d4:cf,ARP,42,Who has 192.167.5.114? Tell 192.167.5.113,1
824654,1995.616528,VMware_8a:d4:cf,VMware_8a:45:3d,ARP,60,192.167.5.114 is at 00:50:56:8a:d4:cf,0
824656,1996.138891,VMware_8a:d6:9c,Broadcast,ARP,60,Who has 192.167.7.25? Tell 192.167.5.118,1
824660,1997.135544,VMware_8a:d6:9c,Broadcast,ARP,60,Who has 192.167.7.25? Tell 192.167.5.118,1
824669,1999.578751,VMware_8a:e8:0f,Broadcast,ARP,60,Who has 192.167.8.180? Tell 192.167.7.45,1
824679,2000.255948,VMware_8a:d4:cf,VMware_8a:45:3d,ARP,60,Who has 192.167.5.113? Tell 192.167.5.114,1
824680,2000.255964,VMware_8a:45:3d,VMware_8a:d4:cf,ARP,42,192.167.5.113 is at 00:50:56:8a:45:3d,0
824698,2002.406771,VMware_8a:e8:0f,Broadcast,ARP,60,Who has 192.167.8.180? Tell 192.167.7.45,1
824702,2003.073864,VMware_8a:e8:0f,Broadcast,ARP,60,Who has 192.167.8.180? Tell 192.167.7.45,1
824705,2003.496363,VMware_8a:d6:9c,Broadcast,ARP,60,Who has 192.167.7.25? Tell 192.167.5.118,1
824709,2004.071132,VMware_8a:e8:0f,Broadcast,ARP,60,Who has 192.167.8.180? Tell 192.167.7.45,1
824711,2004.135628,VMware_8a:d6:9c,Broadcast,ARP,60,Who has 192.167.7.25? Tell 192.167.5.118,1
831989,2005.135052,VMware_8a:d6:9c,Broadcast,ARP,60,Who has 192.167.7.25? Tell 192.167.5.118,1
850273,2006.41154,VMware_8a:e8:0f,Broadcast,ARP,60,Who has 192.167.8.180? Tell 192.167.7.45,1
856452,2006.787407,VMware_8a:d3:ca,Broadcast,ARP,60,Who has 192.167.8.43? (ARP Probe),1
861129,2007.074835,VMware_8a:e8:0f,Broadcast,ARP,60,Who has 192.167.8.180? Tell 192.167.7.45,1
872882,2007.787437,VMware_8a:d3:ca,Broadcast,ARP,60,Who has 192.167.8.43? (ARP Probe),1
877385,2008.06916,VMware_8a:e8:0f,Broadcast,ARP,60,Who has 192.167.8.180? Tell 192.167.7.45,1
889376,2008.787569,VMware_8a:d3:ca,Broadcast,ARP,60,Who has 169.254.16.48? (ARP Probe),1
889377,2008.787573,VMware_8a:d3:ca,Broadcast,ARP,60,Who has 192.167.8.43? (ARP Probe),1
906524,2009.787523,VMware_8a:d3:ca,Broadcast,ARP,60,Who has 169.254.16.48? (ARP Probe),1
906533,2009.787617,VMware_8a:d3:ca,Broadcast,ARP,60,ARP Announcement for 192.167.8.43,1
980760,2014.411383,VMware_8a:e8:0f,Broadcast,ARP,60,Who has 192.167.8.180? Tell 192.167.7.45,1
991560,2015.06881,VMware_8a:e8:0f,Broadcast,ARP,60,Who has 192.167.8.180? Tell 192.167.7.45,1
1007931,2016.067568,VMware_8a:e8:0f,Broadcast,ARP,60,Who has 192.167.8.180? Tell 192.167.7.45,1
1144179,2024.441739,VMware_8a:5c:e6,VMware_8a:45:3d,ARP,60,Who has 192.167.5.113? Tell 192.167.0.1,1
1144180,2024.441749,VMware_8a:45:3d,VMware_8a:5c:e6,ARP,42,192.167.5.113 is at 00:50:56:8a:45:3d,0
1178463,2028.127889,VMware_8a:45:3d,VMware_8a:d4:cf,ARP,42,Who has 192.167.5.114? Tell 192.167.5.113,1
1178464,2028.128467,VMware_8a:d4:cf,VMware_8a:45:3d,ARP,60,192.167.5.114 is at 00:50:56:8a:d4:cf,0
1178542,2048.259897,VMware_8a:d4:cf,VMware_8a:45:3d,ARP,60,Who has 192.167.5.113? Tell 192.167.5.114,1
1178543,2048.259912,VMware_8a:45:3d,VMware_8a:d4:cf,ARP,42,192.167.5.113 is at 00:50:56:8a:45:3d,0
1178563,2055.293749,VMware_8a:9a:e5,Broadcast,ARP,60,Who has 192.167.8.180? Tell 192.167.8.186,1
1178574,2057.842897,VMware_8a:9a:e5,Broadcast,ARP,60,Who has 192.167.8.180? Tell 192.167.8.186,1
1178577,2058.793862,VMware_8a:9a:e5,Broadcast,ARP,60,Who has 192.167.8.180? Tell 192.167.8.186,1
1178580,2059.793838,VMware_8a:9a:e5,Broadcast,ARP,60,Who has 192.167.8.180? Tell 192.167.8.186,1
1178584,2061.151883,VMware_8a:45:3d,VMware_8a:d4:cf,ARP,42,Who has 192.167.5.114? Tell 192.167.5.113,1
1178586,2061.855553,VMware_8a:9a:e5,Broadcast,ARP,60,Who has 192.167.8.180? Tell 192.167.8.186,1
1178590,2062.1759,VMware_8a:45:3d,VMware_8a:d4:cf,ARP,42,Who has 192.167.5.114? Tell 192.167.5.113,1
1178592,2062.792892,VMware_8a:9a:e5,Broadcast,ARP,60,Who has 192.167.8.180? Tell 192.167.8.186,1
1178594,2063.199889,VMware_8a:45:3d,VMware_8a:d4:cf,ARP,42,Who has 192.167.5.114? Tell 192.167.5.113,1
1178607,2063.792852,VMware_8a:9a:e5,Broadcast,ARP,60,Who has 192.167.8.180? Tell 192.167.8.186,1
1178609,2064.70392,VMware_8a:45:3d,Broadcast,ARP,42,Who has 192.167.5.114? Tell 192.167.5.113,1
1178610,2064.705807,VMware_8a:d4:cf,VMware_8a:45:3d,ARP,60,192.167.5.114 is at 00:50:56:8a:d4:cf,0
1178616,2066.937387,VMware_8a:5c:e6,VMware_8a:45:3d,ARP,60,Who has 192.167.5.113? Tell 192.167.0.1,1
1178617,2066.937401,VMware_8a:45:3d,VMware_8a:5c:e6,ARP,42,192.167.5.113 is at 00:50:56:8a:45:3d,0
1178624,2069.855475,VMware_8a:9a:e5,Broadcast,ARP,60,Who has 192.167.8.180? Tell 192.167.8.186,1
1178626,2070.792776,VMware_8a:9a:e5,Broadcast,ARP,60,Who has 192.167.8.180? Tell 192.167.8.186,1
1178629,2071.792803,VMware_8a:9a:e5,Broadcast,ARP,60,Who has 192.167.8.180? Tell 192.167.8.186,1
1178708,2098.271887,VMware_8a:45:3d,VMware_8a:d4:cf,ARP,42,Who has 192.167.5.114? Tell 192.167.5.113,1
1178711,2099.295886,VMware_8a:45:3d,VMware_8a:d4:cf,ARP,42,Who has 192.167.5.114? Tell 192.167.5.113,1
1178714,2100.319886,VMware_8a:45:3d,VMware_8a:d4:cf,ARP,42,Who has 192.167.5.114? Tell 192.167.5.113,1
1178717,2101.57191,VMware_8a:45:3d,Broadcast,ARP,42,Who has 192.167.5.114? Tell 192.167.5.113,1
1178718,2101.572042,VMware_8a:d4:cf,VMware_8a:45:3d,ARP,60,192.167.5.114 is at 00:50:56:8a:d4:cf,0
1178802,2109.689154,VMware_8a:5c:e6,VMware_8a:45:3d,ARP,60,Who has 192.167.5.113? Tell 192.167.0.1,1
1178803,2109.68917,VMware_8a:45:3d,VMware_8a:5c:e6,ARP,42,192.167.5.113 is at 00:50:56:8a:45:3d,0
1180012,2125.079857,VMware_8a:e8:0f,Broadcast,ARP,60,Who has 192.167.8.180? Tell 192.167.7.45,1
1180019,2127.383426,VMware_8a:5c:e6,Broadcast,ARP,60,Who has 192.167.0.1? Tell 0.0.0.0,1
1180020,2127.818618,VMware_8a:e8:0f,Broadcast,ARP,60,Who has 192.167.8.180? Tell 192.167.7.45,1
1180023,2128.383812,VMware_8a:5c:e6,Broadcast,ARP,60,Who has 192.167.0.1? Tell 0.0.0.0,1
1180024,2128.566698,VMware_8a:e8:0f,Broadcast,ARP,60,Who has 192.167.8.180? Tell 192.167.7.45,1
1180027,2129.572056,VMware_8a:e8:0f,Broadcast,ARP,60,Who has 192.167.8.180? Tell 192.167.7.45,1
1180032,2131.822119,VMware_8a:e8:0f,Broadcast,ARP,60,Who has 192.167.8.180? Tell 192.167.7.45,1
1181034,2132.574047,VMware_8a:e8:0f,Broadcast,ARP,60,Who has 192.167.8.180? Tell 192.167.7.45,1
1181538,2133.576827,VMware_8a:e8:0f,Broadcast,ARP,60,Who has 192.167.8.180? Tell 192.167.7.45,1
1181580,2135.135887,VMware_8a:45:3d,VMware_8a:d4:cf,ARP,42,Who has 192.167.5.114? Tell 192.167.5.113,1
1181584,2136.163902,VMware_8a:45:3d,VMware_8a:d4:cf,ARP,42,Who has 192.167.5.114? Tell 192.167.5.113,1
1181587,2137.18791,VMware_8a:45:3d,VMware_8a:d4:cf,ARP,42,Who has 192.167.5.114? Tell 192.167.5.113,1
1181602,2138.432023,VMware_8a:45:3d,Broadcast,ARP,42,Who has 192.167.5.114? Tell 192.167.5.113,1
1181603,2138.432178,VMware_8a:d4:cf,VMware_8a:45:3d,ARP,60,192.167.5.114 is at 00:50:56:8a:d4:cf,0
1181628,2139.823862,VMware_8a:e8:0f,Broadcast,ARP,60,Who has 192.167.8.180? Tell 192.167.7.45,1
1181632,2140.567924,VMware_8a:e8:0f,Broadcast,ARP,60,Who has 192.167.8.180? Tell 192.167.7.45,1
1181635,2141.582005,VMware_8a:e8:0f,Broadcast,ARP,60,Who has 192.167.8.180? Tell 192.167.7.45,1
1181684,2143.048809,VMware_8a:5c:e6,VMware_8a:45:3d,ARP,60,Who has 192.167.5.113? Tell 192.167.0.1,1
1181685,2143.04883,VMware_8a:45:3d,VMware_8a:5c:e6,ARP,42,192.167.5.113 is at 00:50:56:8a:45:3d,0
1182442,2149.645887,VMware_8a:d6:9c,Broadcast,ARP,60,Who has 192.167.8.180? Tell 192.167.5.118,1
1183142,2152.196096,VMware_8a:d6:9c,Broadcast,ARP,60,Who has 192.167.8.180? Tell 192.167.5.118,1
1183149,2153.134587,VMware_8a:d6:9c,Broadcast,ARP,60,Who has 192.167.8.180? Tell 192.167.5.118,1
1183162,2154.147854,VMware_8a:d6:9c,Broadcast,ARP,60,Who has 192.167.8.180? Tell 192.167.5.118,1
1183392,2156.202198,VMware_8a:d6:9c,Broadcast,ARP,60,Who has 192.167.8.180? Tell 192.167.5.118,1
1183395,2157.141523,VMware_8a:d6:9c,Broadcast,ARP,60,Who has 192.167.8.180? Tell 192.167.5.118,1
1184154,2158.135527,VMware_8a:d6:9c,Broadcast,ARP,60,Who has 192.167.8.180? Tell 192.167.5.118,1
1184174,2164.214071,VMware_8a:d6:9c,Broadcast,ARP,60,Who has 192.167.8.180? Tell 192.167.5.118,1
1184513,2165.133396,VMware_8a:d6:9c,Broadcast,ARP,60,Who has 192.167.8.180? Tell 192.167.5.118,1
1184517,2166.13552,VMware_8a:d6:9c,Broadcast,ARP,60,Who has 192.167.8.180? Tell 192.167.5.118,1
1185683,2172.255887,VMware_8a:45:3d,VMware_8a:d4:cf,ARP,42,Who has 192.167.5.114? Tell 192.167.5.113,1
1185689,2173.283916,VMware_8a:45:3d,VMware_8a:d4:cf,ARP,42,Who has 192.167.5.114? Tell 192.167.5.113,1
1185693,2174.307884,VMware_8a:45:3d,VMware_8a:d4:cf,ARP,42,Who has 192.167.5.114? Tell 192.167.5.113,1
1185696,2176.136481,VMware_8a:45:3d,Broadcast,ARP,42,Who has 192.167.5.114? Tell 192.167.5.113,1
1185697,2176.136558,VMware_8a:d4:cf,VMware_8a:45:3d,ARP,60,192.167.5.114 is at 00:50:56:8a:d4:cf,0
1185702,2178.040286,VMware_8a:5c:e6,VMware_8a:45:3d,ARP,60,Who has 192.167.5.113? Tell 192.167.0.1,1
1185703,2178.040303,VMware_8a:45:3d,VMware_8a:5c:e6,ARP,42,192.167.5.113 is at 00:50:56:8a:45:3d,0
1189129,2211.080042,VMware_8a:5c:e6,VMware_8a:45:3d,ARP,60,Who has 192.167.5.113? Tell 192.167.0.1,1
1189130,2211.080059,VMware_8a:45:3d,VMware_8a:5c:e6,ARP,42,192.167.5.113 is at 00:50:56:8a:45:3d,0
1189133,2211.167887,VMware_8a:45:3d,VMware_8a:d4:cf,ARP,42,Who has 192.167.5.114? Tell 192.167.5.113,1
1189136,2212.195885,VMware_8a:45:3d,VMware_8a:d4:cf,ARP,42,Who has 192.167.5.114? Tell 192.167.5.113,1
1189139,2213.215887,VMware_8a:45:3d,VMware_8a:d4:cf,ARP,42,Who has 192.167.5.114? Tell 192.167.5.113,1
1189156,2215.146683,VMware_8a:45:3d,Broadcast,ARP,42,Who has 192.167.5.114? Tell 192.167.5.113,1
1189157,2215.146805,VMware_8a:d4:cf,VMware_8a:45:3d,ARP,60,192.167.5.114 is at 00:50:56:8a:d4:cf,0
1189758,2229.641108,VMware_8a:d6:9c,Broadcast,ARP,60,Who has 192.167.8.180? Tell 192.167.5.118,1
1189772,2232.586703,VMware_8a:d6:9c,Broadcast,ARP,60,Who has 192.167.8.180? Tell 192.167.5.118,1
1189774,2233.14629,VMware_8a:d6:9c,Broadcast,ARP,60,Who has 192.167.8.180? Tell 192.167.5.118,1
1189777,2234.14099,VMware_8a:d6:9c,Broadcast,ARP,60,Who has 192.167.8.180? Tell 192.167.5.118,1
1189817,2236.601523,VMware_8a:d6:9c,Broadcast,ARP,60,Who has 192.167.8.180? Tell 192.167.5.118,1
1189819,2237.139196,VMware_8a:d6:9c,Broadcast,ARP,60,Who has 192.167.8.180? Tell 192.167.5.118,1
1189822,2238.146184,VMware_8a:d6:9c,Broadcast,ARP,60,Who has 192.167.8.180? Tell 192.167.5.118,1
1189846,2244.60412,VMware_8a:d6:9c,Broadcast,ARP,60,Who has 192.167.8.180? Tell 192.167.5.118,1
1189852,2245.136093,VMware_8a:d6:9c,Broadcast,ARP,60,Who has 192.167.8.180? Tell 192.167.5.118,1
1189857,2246.133591,VMware_8a:d6:9c,Broadcast,ARP,60,Who has 192.167.8.180? Tell 192.167.5.118,1
1189868,2248.295584,VMware_8a:5c:e6,VMware_8a:45:3d,ARP,60,Who has 192.167.5.113? Tell 192.167.0.1,1
1189869,2248.295601,VMware_8a:45:3d,VMware_8a:5c:e6,ARP,42,192.167.5.113 is at 00:50:56:8a:45:3d,0
1189886,2250.079889,VMware_8a:45:3d,VMware_8a:d4:cf,ARP,42,Who has 192.167.5.114? Tell 192.167.5.113,1
1189889,2251.107891,VMware_8a:45:3d,VMware_8a:d4:cf,ARP,42,Who has 192.167.5.114? Tell 192.167.5.113,1
1189892,2252.127887,VMware_8a:45:3d,VMware_8a:d4:cf,ARP,42,Who has 192.167.5.114? Tell 192.167.5.113,1
1189895,2253.159565,VMware_8a:45:3d,Broadcast,ARP,42,Who has 192.167.5.114? Tell 192.167.5.113,1
1189896,2253.159709,VMware_8a:d4:cf,VMware_8a:45:3d,ARP,60,192.167.5.114 is at 00:50:56:8a:d4:cf,0
1190026,2284.359427,VMware_8a:5c:e6,VMware_8a:45:3d,ARP,60,Who has 192.167.5.113? Tell 192.167.0.1,1
1190027,2284.359443,VMware_8a:45:3d,VMware_8a:5c:e6,ARP,42,192.167.5.113 is at 00:50:56:8a:45:3d,0
1190033,2286.175883,VMware_8a:45:3d,VMware_8a:d4:cf,ARP,42,Who has 192.167.5.114? Tell 192.167.5.113,1
1190039,2287.199888,VMware_8a:45:3d,VMware_8a:d4:cf,ARP,42,Who has 192.167.5.114? Tell 192.167.5.113,1
1190043,2288.223953,VMware_8a:45:3d,VMware_8a:d4:cf,ARP,42,Who has 192.167.5.114? Tell 192.167.5.113,1
1190046,2289.983915,VMware_8a:45:3d,Broadcast,ARP,42,Who has 192.167.5.114? Tell 192.167.5.113,1
1190047,2289.984042,VMware_8a:d4:cf,VMware_8a:45:3d,ARP,60,192.167.5.114 is at 00:50:56:8a:d4:cf,0
1190148,2313.367181,VMware_8a:5c:e6,Broadcast,ARP,60,Who has 192.167.0.1? Tell 0.0.0.0,1
1190151,2314.367165,VMware_8a:5c:e6,Broadcast,ARP,60,Who has 192.167.0.1? Tell 0.0.0.0,1
1190247,2322.166929,VMware_8a:5c:e6,VMware_8a:45:3d,ARP,60,Who has 192.167.5.113? Tell 192.167.0.1,1
1190248,2322.166946,VMware_8a:45:3d,VMware_8a:5c:e6,ARP,42,192.167.5.113 is at 00:50:56:8a:45:3d,0
1190252,2323.295886,VMware_8a:45:3d,VMware_8a:d4:cf,ARP,42,Who has 192.167.5.114? Tell 192.167.5.113,1
1190256,2324.319888,VMware_8a:45:3d,VMware_8a:d4:cf,ARP,42,Who has 192.167.5.114? Tell 192.167.5.113,1
1190260,2325.343883,VMware_8a:45:3d,VMware_8a:d4:cf,ARP,42,Who has 192.167.5.114? Tell 192.167.5.113,1
1190265,2326.851089,VMware_8a:45:3d,Broadcast,ARP,42,Who has 192.167.5.114? Tell 192.167.5.113,1
1190266,2326.851162,VMware_8a:d4:cf,VMware_8a:45:3d,ARP,60,192.167.5.114 is at 00:50:56:8a:d4:cf,0
1192403,2350.175892,VMware_8a:45:3d,VMware_8a:d4:cf,ARP,42,Who has 192.167.5.114? Tell 192.167.5.113,1
1192408,2351.199897,VMware_8a:45:3d,VMware_8a:d4:cf,ARP,42,Who has 192.167.5.114? Tell 192.167.5.113,1
1192424,2352.223904,VMware_8a:45:3d,VMware_8a:d4:cf,ARP,42,Who has 192.167.5.114? Tell 192.167.5.113,1
1192436,2353.471938,VMware_8a:45:3d,Broadcast,ARP,42,Who has 192.167.5.114? Tell 192.167.5.113,1
1192437,2353.472097,VMware_8a:d4:cf,VMware_8a:45:3d,ARP,60,192.167.5.114 is at 00:50:56:8a:d4:cf,0
1192447,2357.798839,VMware_8a:5c:e6,VMware_8a:45:3d,ARP,60,Who has 192.167.5.113? Tell 192.167.0.1,1
1192448,2357.798864,VMware_8a:45:3d,VMware_8a:5c:e6,ARP,42,192.167.5.113 is at 00:50:56:8a:45:3d,0
1197344,2376.287883,VMware_8a:45:3d,VMware_8a:d4:cf,ARP,42,Who has 192.167.5.114? Tell 192.167.5.113,1
1197395,2377.311886,VMware_8a:45:3d,VMware_8a:d4:cf,ARP,42,Who has 192.167.5.114? Tell 192.167.5.113,1
1197929,2378.3359,VMware_8a:45:3d,VMware_8a:d4:cf,ARP,42,Who has 192.167.5.114? Tell 192.167.5.113,1
1198255,2380.095959,VMware_8a:45:3d,Broadcast,ARP,42,Who has 192.167.5.114? Tell 192.167.5.113,1
1198256,2380.096055,VMware_8a:d4:cf,VMware_8a:45:3d,ARP,60,192.167.5.114 is at 00:50:56:8a:d4:cf,0
1267544,2392.774345,VMware_8a:5c:e6,VMware_8a:45:3d,ARP,60,Who has 192.167.5.113? Tell 192.167.0.1,1
1267545,2392.774356,VMware_8a:45:3d,VMware_8a:5c:e6,ARP,42,192.167.5.113 is at 00:50:56:8a:45:3d,0
1391556,2403.423883,VMware_8a:45:3d,VMware_8a:d4:cf,ARP,42,Who has 192.167.5.114? Tell 192.167.5.113,1
1402265,2404.447883,VMware_8a:45:3d,VMware_8a:d4:cf,ARP,42,Who has 192.167.5.114? Tell 192.167.5.113,1
1413102,2405.471881,VMware_8a:45:3d,VMware_8a:d4:cf,ARP,42,Who has 192.167.5.114? Tell 192.167.5.113,1
1417615,2406.719935,VMware_8a:45:3d,Broadcast,ARP,42,Who has 192.167.5.114? Tell 192.167.5.113,1
1417616,2406.720002,VMware_8a:d4:cf,VMware_8a:45:3d,ARP,60,192.167.5.114 is at 00:50:56:8a:d4:cf,0
1493348,2430.307892,VMware_8a:45:3d,VMware_8a:d4:cf,ARP,42,Who has 192.167.5.114? Tell 192.167.5.113,1
1493380,2431.331905,VMware_8a:45:3d,VMware_8a:d4:cf,ARP,42,Who has 192.167.5.114? Tell 192.167.5.113,1
1493896,2432.351885,VMware_8a:45:3d,VMware_8a:d4:cf,ARP,42,Who has 192.167.5.114? Tell 192.167.5.113,1
1493938,2433.333955,VMware_8a:5c:e6,VMware_8a:45:3d,ARP,60,Who has 192.167.5.113? Tell 192.167.0.1,1
1493939,2433.333968,VMware_8a:45:3d,VMware_8a:5c:e6,ARP,42,192.167.5.113 is at 00:50:56:8a:45:3d,0
1494217,2434.187911,VMware_8a:45:3d,Broadcast,ARP,42,Who has 192.167.5.114? Tell 192.167.5.113,1
1494218,2434.188043,VMware_8a:d4:cf,VMware_8a:45:3d,ARP,60,192.167.5.114 is at 00:50:56:8a:d4:cf,0
1506426,2458.207901,VMware_8a:45:3d,VMware_8a:d4:cf,ARP,42,Who has 192.167.5.114? Tell 192.167.5.113,1
1506453,2459.231896,VMware_8a:45:3d,VMware_8a:d4:cf,ARP,42,Who has 192.167.5.114? Tell 192.167.5.113,1
1506757,2460.255893,VMware_8a:45:3d,VMware_8a:d4:cf,ARP,42,Who has 192.167.5.114? Tell 192.167.5.113,1
1507908,2462.015908,VMware_8a:45:3d,Broadcast,ARP,42,Who has 192.167.5.114? Tell 192.167.5.113,1
1507909,2462.016025,VMware_8a:d4:cf,VMware_8a:45:3d,ARP,60,192.167.5.114 is at 00:50:56:8a:d4:cf,0
1522673,2473.320681,VMware_8a:5c:e6,VMware_8a:45:3d,ARP,60,Who has 192.167.5.113? Tell 192.167.0.1,1
1522674,2473.320695,VMware_8a:45:3d,VMware_8a:5c:e6,ARP,42,192.167.5.113 is at 00:50:56:8a:45:3d,0
1551337,2485.347882,VMware_8a:45:3d,VMware_8a:d4:cf,ARP,42,Who has 192.167.5.114? Tell 192.167.5.113,1
1556915,2486.371884,VMware_8a:45:3d,VMware_8a:d4:cf,ARP,42,Who has 192.167.5.114? Tell 192.167.5.113,1
1558700,2487.391901,VMware_8a:45:3d,VMware_8a:d4:cf,ARP,42,Who has 192.167.5.114? Tell 192.167.5.113,1
1562196,2488.639951,VMware_8a:45:3d,Broadcast,ARP,42,Who has 192.167.5.114? Tell 192.167.5.113,1
1562197,2488.640097,VMware_8a:d4:cf,VMware_8a:45:3d,ARP,60,192.167.5.114 is at 00:50:56:8a:d4:cf,0
1589193,2493.378107,VMware_8a:5c:e6,Broadcast,ARP,60,Who has 192.167.0.1? Tell 0.0.0.0,1
1589199,2494.375565,VMware_8a:5c:e6,Broadcast,ARP,60,Who has 192.167.0.1? Tell 0.0.0.0,1
1589722,2512.223985,VMware_8a:45:3d,VMware_8a:d4:cf,ARP,42,Who has 192.167.5.114? Tell 192.167.5.113,1
1589726,2513.247882,VMware_8a:45:3d,VMware_8a:d4:cf,ARP,42,Who has 192.167.5.114? Tell 192.167.5.113,1
1589729,2514.271887,VMware_8a:45:3d,VMware_8a:d4:cf,ARP,42,Who has 192.167.5.114? Tell 192.167.5.113,1
1590936,2516.205766,VMware_8a:45:3d,Broadcast,ARP,42,Who has 192.167.5.114? Tell 192.167.5.113,1
1590937,2516.205833,VMware_8a:d4:cf,VMware_8a:45:3d,ARP,60,192.167.5.114 is at 00:50:56:8a:d4:cf,0
1590940,2517.173115,VMware_8a:5c:e6,VMware_8a:45:3d,ARP,60,Who has 192.167.5.113? Tell 192.167.0.1,1
1590941,2517.173131,VMware_8a:45:3d,VMware_8a:5c:e6,ARP,42,192.167.5.113 is at 00:50:56:8a:45:3d,0
1591030,2540.387899,VMware_8a:45:3d,VMware_8a:d4:cf,ARP,42,Who has 192.167.5.114? Tell 192.167.5.113,1
1591040,2541.407895,VMware_8a:45:3d,VMware_8a:d4:cf,ARP,42,Who has 192.167.5.114? Tell 192.167.5.113,1
1591491,2542.431888,VMware_8a:45:3d,VMware_8a:d4:cf,ARP,42,Who has 192.167.5.114? Tell 192.167.5.113,1
1591494,2543.935919,VMware_8a:45:3d,Broadcast,ARP,42,Who has 192.167.5.114? Tell 192.167.5.113,1
1591495,2543.936045,VMware_8a:d4:cf,VMware_8a:45:3d,ARP,60,192.167.5.114 is at 00:50:56:8a:d4:cf,0
1591545,2551.146195,VMware_8a:d6:9c,Broadcast,ARP,60,Who has 192.167.8.180? Tell 192.167.5.118,1
1591553,2553.332699,VMware_8a:5c:e6,VMware_8a:45:3d,ARP,60,Who has 192.167.5.113? Tell 192.167.0.1,1
1591554,2553.332715,VMware_8a:45:3d,VMware_8a:5c:e6,ARP,42,192.167.5.113 is at 00:50:56:8a:45:3d,0
1591555,2553.862932,VMware_8a:d6:9c,Broadcast,ARP,60,Who has 192.167.8.180? Tell 192.167.5.118,1
1591558,2554.636841,VMware_8a:d6:9c,Broadcast,ARP,60,Who has 192.167.8.180? Tell 192.167.5.118,1
1591561,2555.639642,VMware_8a:d6:9c,Broadcast,ARP,60,Who has 192.167.8.180? Tell 192.167.5.118,1
1591566,2557.871379,VMware_8a:d6:9c,Broadcast,ARP,60,Who has 192.167.8.180? Tell 192.167.5.118,1
1591579,2558.643357,VMware_8a:d6:9c,Broadcast,ARP,60,Who has 192.167.8.180? Tell 192.167.5.118,1
1591582,2559.639911,VMware_8a:d6:9c,Broadcast,ARP,60,Who has 192.167.8.180? Tell 192.167.5.118,1
1591605,2565.875117,VMware_8a:d6:9c,Broadcast,ARP,60,Who has 192.167.8.180? Tell 192.167.5.118,1
1592980,2566.644458,VMware_8a:d6:9c,Broadcast,ARP,60,Who has 192.167.8.180? Tell 192.167.5.118,1
1592982,2567.263888,VMware_8a:45:3d,VMware_8a:d4:cf,ARP,42,Who has 192.167.5.114? Tell 192.167.5.113,1
1592984,2567.636684,VMware_8a:d6:9c,Broadcast,ARP,60,Who has 192.167.8.180? Tell 192.167.5.118,1
1592986,2568.28796,VMware_8a:45:3d,VMware_8a:d4:cf,ARP,42,Who has 192.167.5.114? Tell 192.167.5.113,1
1592989,2569.311903,VMware_8a:45:3d,VMware_8a:d4:cf,ARP,42,Who has 192.167.5.114? Tell 192.167.5.113,1
1592995,2570.563928,VMware_8a:45:3d,Broadcast,ARP,42,Who has 192.167.5.114? Tell 192.167.5.113,1
1592996,2570.564068,VMware_8a:d4:cf,VMware_8a:45:3d,ARP,60,192.167.5.114 is at 00:50:56:8a:d4:cf,0
1593561,2582.516351,VMware_8a:5c:e6,VMware_8a:45:3d,ARP,60,Who has 192.167.5.113? Tell 192.167.0.1,1
1593562,2582.516367,VMware_8a:45:3d,VMware_8a:5c:e6,ARP,42,192.167.5.113 is at 00:50:56:8a:45:3d,0
1593624,2594.147887,VMware_8a:45:3d,VMware_8a:d4:cf,ARP,42,Who has 192.167.5.114? Tell 192.167.5.113,1
1593626,2595.116181,VMware_8a:79:20,Broadcast,ARP,60,Who has 169.254.140.59? (ARP Probe),1
1593628,2595.167888,VMware_8a:45:3d,VMware_8a:d4:cf,ARP,42,Who has 192.167.5.114? Tell 192.167.5.113,1
1593630,2596.116243,VMware_8a:79:20,Broadcast,ARP,60,Who has 169.254.140.59? (ARP Probe),1
1593633,2596.195887,VMware_8a:45:3d,VMware_8a:d4:cf,ARP,42,Who has 192.167.5.114? Tell 192.167.5.113,1
1593636,2596.712439,VMware_8a:5c:e6,Broadcast,ARP,60,Who has 192.167.7.100? Tell 192.167.0.1,1
1593637,2597.116204,VMware_8a:79:20,Broadcast,ARP,60,Who has 169.254.140.59? (ARP Probe),1
1593639,2597.222366,VMware_8a:45:3d,Broadcast,ARP,42,Who has 192.167.5.114? Tell 192.167.5.113,1
1593640,2597.222475,VMware_8a:d4:cf,VMware_8a:45:3d,ARP,60,192.167.5.114 is at 00:50:56:8a:d4:cf,0
1593642,2597.712769,VMware_8a:5c:e6,Broadcast,ARP,60,Who has 192.167.7.100? Tell 192.167.0.1,1
1593647,2598.116309,VMware_8a:79:20,Broadcast,ARP,60,Who has 192.167.7.100? (ARP Probe),1
1593651,2598.71464,VMware_8a:5c:e6,Broadcast,ARP,60,Who has 192.167.7.100? Tell 192.167.0.1,1
1593652,2599.116305,VMware_8a:79:20,Broadcast,ARP,60,Who has 192.167.7.100? (ARP Probe),1
1593657,2600.115967,VMware_8a:79:20,Broadcast,ARP,60,Who has 192.167.7.100? (ARP Probe),1
1593661,2601.116364,VMware_8a:79:20,Broadcast,ARP,60,ARP Announcement for 192.167.7.100,1
1593690,2606.35624,VMware_8a:5c:e6,VMware_8a:45:3d,ARP,60,Who has 192.167.5.113? Tell 192.167.0.1,1
1593691,2606.356255,VMware_8a:45:3d,VMware_8a:5c:e6,ARP,42,192.167.5.113 is at 00:50:56:8a:45:3d,0
1595445,2629.315931,VMware_8a:5c:e6,VMware_8a:45:3d,ARP,60,Who has 192.167.5.113? Tell 192.167.0.1,1
1595446,2629.315949,VMware_8a:45:3d,VMware_8a:5c:e6,ARP,42,192.167.5.113 is at 00:50:56:8a:45:3d,0
1595452,2630.508497,VMware_8a:d4:cf,Broadcast,ARP,60,Who has 192.167.5.114? (ARP Probe),1
1595457,2631.50654,VMware_8a:d4:cf,Broadcast,ARP,60,Who has 192.167.5.114? (ARP Probe),1
1595463,2632.506333,VMware_8a:d4:cf,Broadcast,ARP,60,Who has 192.167.5.114? (ARP Probe),1
1595468,2633.506246,VMware_8a:d4:cf,Broadcast,ARP,60,ARP Announcement for 192.167.5.114,1
1595502,2641.247903,VMware_8a:45:3d,VMware_8a:d4:cf,ARP,42,Who has 192.167.5.114? Tell 192.167.5.113,1
1595503,2641.248713,VMware_8a:d4:cf,VMware_8a:45:3d,ARP,60,192.167.5.114 is at 00:50:56:8a:d4:cf,0
1595565,2653.363816,VMware_8a:5c:e6,VMware_8a:45:3d,ARP,60,Who has 192.167.5.113? Tell 192.167.0.1,1
1595566,2653.363836,VMware_8a:45:3d,VMware_8a:5c:e6,ARP,42,192.167.5.113 is at 00:50:56:8a:45:3d,0
1596135,2667.370111,VMware_8a:5c:e6,Broadcast,ARP,60,Who has 192.167.0.1? Tell 0.0.0.0,1
1597374,2668.370135,VMware_8a:5c:e6,Broadcast,ARP,60,Who has 192.167.0.1? Tell 0.0.0.0,1
1597379,2669.536617,VMware_8a:b1:3d,Broadcast,ARP,60,Who has 169.254.144.136? (ARP Probe),1
1597383,2670.543487,VMware_8a:b1:3d,Broadcast,ARP,60,Who has 169.254.144.136? (ARP Probe),1
1597388,2671.545382,VMware_8a:b1:3d,Broadcast,ARP,60,Who has 169.254.144.136? (ARP Probe),1
1597393,2672.539015,VMware_8a:b1:3d,Broadcast,ARP,60,ARP Announcement for 169.254.144.136,1
1597396,2672.942827,VMware_8a:9a:52,Broadcast,ARP,60,Who has 169.254.144.136? Tell 192.167.6.127,1
1597397,2672.94359,VMware_8a:2c:5d,Broadcast,ARP,60,Who has 169.254.144.136? Tell 192.167.7.79,1
1597398,2672.943636,VMware_8a:23:16,Broadcast,ARP,60,Who has 169.254.144.136? Tell 192.167.8.17,1
1597403,2673.561405,VMware_8a:5c:e6,Broadcast,ARP,60,Who has 192.167.8.86? Tell 192.167.0.1,1
1597410,2674.560159,VMware_8a:5c:e6,Broadcast,ARP,60,Who has 192.167.8.86? Tell 192.167.0.1,1
1597420,2675.56186,VMware_8a:5c:e6,Broadcast,ARP,60,Who has 192.167.8.86? Tell 192.167.0.1,1
1597432,2677.538846,VMware_8a:b1:3d,Broadcast,ARP,60,Who has 192.167.8.86? (ARP Probe),1
1597449,2678.538951,VMware_8a:b1:3d,Broadcast,ARP,60,Who has 192.167.8.86? (ARP Probe),1
1597453,2678.915119,VMware_8a:5c:e6,Broadcast,ARP,60,Who has 192.167.8.86? Tell 192.167.0.1,1
1597456,2679.538914,VMware_8a:b1:3d,Broadcast,ARP,60,Who has 192.167.8.86? (ARP Probe),1
1597463,2680.538827,VMware_8a:b1:3d,Broadcast,ARP,60,ARP Announcement for 192.167.8.86,1
1597475,2681.511409,VMware_8a:d4:cf,VMware_8a:45:3d,ARP,60,Who has 192.167.5.113? Tell 192.167.5.114,1
1597476,2681.511428,VMware_8a:45:3d,VMware_8a:d4:cf,ARP,42,192.167.5.113 is at 00:50:56:8a:45:3d,0
1597483,2683.363612,VMware_8a:5c:e6,VMware_8a:45:3d,ARP,60,Who has 192.167.5.113? Tell 192.167.0.1,1
1597484,2683.363636,VMware_8a:45:3d,VMware_8a:5c:e6,ARP,42,192.167.5.113 is at 00:50:56:8a:45:3d,0
1597485,2683.743906,VMware_8a:45:3d,VMware_8a:d4:cf,ARP,42,Who has 192.167.5.114? Tell 192.167.5.113,1
1597486,2683.744619,VMware_8a:d4:cf,VMware_8a:45:3d,ARP,60,192.167.5.114 is at 00:50:56:8a:d4:cf,0
